prev_category,time_bucket,session_len,user_speed,prev_word_len,next_category
Places,evening,4,0.77,5,People
People,morning,7,0.84,2,Actions
Actions,morning,4,0.01,9,Objects
Needs,afternoon,7,0.21,1,Places
Objects,evening,1,0.64,5,People
Feelings,evening,1,0.34,10,Objects
Objects,afternoon,1,0.76,10,Objects
Needs,evening,6,0.6,8,Objects
Needs,morning,4,0.78,1,Actions
People,morning,11,0.49,10,Objects
Objects,afternoon,10,0.75,4,Places
Objects,morning,11,0.56,9,Objects
Needs,evening,6,0.68,6,People
Actions,morning,5,0.83,9,Objects
People,afternoon,1,0.78,6,People
Actions,morning,4,0.21,1,Actions
Needs,evening,5,0.71,1,People
Needs,evening,2,0.2,4,People
Objects,morning,1,0.88,4,Needs
Needs,afternoon,8,0.36,3,Places
Actions,evening,10,0.26,8,Objects
Places,evening,5,0.12,2,Needs
Actions,morning,12,0.37,6,Actions
Needs,morning,2,0.05,1,Needs
Objects,evening,5,0.35,9,Objects
People,night,9,0.25,2,Feelings
Needs,evening,4,0.49,9,Objects
Feelings,afternoon,7,0.02,10,Objects
People,morning,2,0.98,7,People
Objects,morning,12,0.17,4,Needs
Feelings,afternoon,6,0.49,5,Places
Objects,afternoon,7,0.96,3,Actions
Places,morning,2,0.63,3,Needs
People,night,9,0.95,7,Feelings
People,afternoon,1,0.58,7,People
Needs,night,8,0.22,6,Feelings
Needs,night,3,0.21,10,Objects
People,night,4,0.4,10,Objects
Actions,night,11,0.67,8,Objects
Needs,afternoon,8,0.89,7,Places
Needs,evening,10,0.12,2,Needs
Feelings,night,2,0.67,4,Needs
Actions,morning,12,0.01,6,Needs
Feelings,evening,8,0.81,10,Objects
Places,night,9,0.21,6,Feelings
Actions,evening,9,0.19,10,Objects
People,night,5,0.2,3,People
Places,night,10,0.4,6,Feelings
Places,afternoon,10,0.62,1,Places
Actions,morning,11,0.07,4,Needs
Feelings,evening,12,0.52,7,People
People,evening,5,0.44,9,Objects
Actions,evening,11,0.37,4,People
Feelings,morning,5,0.69,4,Needs
Needs,night,9,0.08,9,Objects
Feelings,night,10,0.47,7,Feelings
People,night,9,0.62,10,Objects
Needs,morning,12,0.4,9,Objects
Feelings,afternoon,7,0.35,10,Objects
Objects,morning,12,0.24,4,Needs
Feelings,night,10,0.14,7,Needs
Objects,night,1,0.2,1,Needs
People,night,9,0.22,7,Feelings
People,night,12,0.64,2,Feelings
Needs,afternoon,9,0.79,10,Objects
Actions,afternoon,11,0.34,3,Places
Objects,morning,8,0.69,10,Objects
People,evening,2,0.92,4,People
Feelings,night,1,0.46,6,Needs
Feelings,evening,8,0.74,1,People
Feelings,evening,12,0.32,4,People
Needs,evening,1,0.37,3,People
Needs,evening,10,0.71,6,People
Feelings,morning,1,0.99,2,Actions
Objects,afternoon,12,0.45,3,Places
Actions,morning,6,0.87,7,Actions
People,evening,1,0.04,7,Needs
Objects,night,5,0.76,6,Needs
People,morning,9,0.68,5,People
Needs,evening,4,0.29,1,People
Places,evening,3,0.93,10,Objects
Objects,evening,7,0.99,5,People
Needs,night,9,0.91,4,Feelings
Needs,night,8,0.38,9,Objects
Needs,morning,2,0.92,8,Objects
Actions,afternoon,8,0.91,2,Actions
Objects,evening,8,0.76,2,Actions
Actions,morning,5,0.17,1,Needs
Places,morning,12,0.97,5,Needs
People,evening,12,0.81,5,People
Feelings,morning,9,0.79,10,Objects
Objects,evening,2,0.46,10,Objects
Objects,afternoon,10,0.34,3,Places
People,night,11,0.42,1,Feelings
Feelings,morning,3,0.94,9,Objects
Needs,morning,2,0.97,9,Objects
Needs,afternoon,2,0.42,3,Places
Places,night,4,0.26,8,Objects
People,afternoon,6,0.69,7,People
Places,night,5,0.19,9,Objects
Objects,morning,11,0.9,2,Actions
Feelings,night,1,0.47,2,Needs
Places,night,2,0.46,10,Objects
Objects,morning,4,0.8,1,Actions
Objects,morning,9,0.52,7,Needs
Objects,night,7,0.94,2,Actions
Objects,afternoon,6,0.49,6,Places
Feelings,afternoon,4,0.52,6,Places
Places,morning,8,0.14,6,Needs
Objects,night,3,0.66,4,Needs
Places,night,5,0.28,6,Needs
Objects,morning,8,0.95,5,Needs
Needs,morning,11,0.72,3,Actions
Feelings,evening,11,0.37,2,People
Needs,afternoon,4,0.03,4,Needs
Places,afternoon,10,0.03,6,Needs
Needs,morning,3,0.9,3,Actions
Feelings,evening,12,0.93,2,Actions
Objects,evening,8,0.48,9,Objects
Needs,night,10,0.7,3,Feelings
Feelings,afternoon,7,0.3,4,Places
Places,evening,12,0.53,1,People
Objects,afternoon,11,0.88,9,Objects
People,night,1,0,4,Needs
Feelings,afternoon,8,0.8,8,Objects
People,night,1,0.03,8,Objects
Places,evening,11,0.5,1,People
Needs,afternoon,12,0.92,9,Objects
People,evening,5,0.3,6,People
Places,afternoon,2,0.26,10,Objects
Actions,evening,1,0.44,4,People
Needs,evening,9,0.89,7,People
Places,morning,10,0.22,4,Needs
Actions,morning,2,0.53,4,Actions
Objects,evening,9,0.56,10,Objects
Feelings,morning,4,0.93,9,Objects
Actions,morning,10,0.53,5,Actions
Needs,night,1,0.47,1,Actions
Feelings,evening,8,0.67,7,People
Places,afternoon,11,0.41,8,Objects
Needs,night,5,0.66,9,Objects
Actions,night,11,0.18,9,Objects
Needs,morning,8,0.8,10,Objects
Actions,evening,9,0.66,7,People
Needs,morning,10,0.59,4,Actions
Needs,morning,10,0.6,9,Objects
Feelings,evening,11,0.69,7,People
Objects,morning,4,0.68,6,Needs
People,night,2,0.48,1,People
Actions,afternoon,9,0.11,5,Needs
People,morning,10,0.56,1,People
Actions,afternoon,7,0.71,4,Places
Actions,morning,2,0.22,5,Actions
Actions,morning,1,0.09,4,Needs
Feelings,night,5,0.78,9,Objects
People,afternoon,12,0.99,5,People
Places,night,6,0.03,3,Needs
People,afternoon,12,0.33,9,Objects
Places,morning,9,0.72,10,Objects
Places,afternoon,6,0.5,4,Places
Objects,morning,6,0.7,8,Objects
Objects,night,5,0.3,2,Needs
Places,night,3,0.94,10,Objects
Needs,evening,7,0.73,7,People
Feelings,afternoon,7,0.03,5,Needs
Needs,afternoon,6,0.08,5,Needs
Objects,morning,10,0.66,2,Needs
Places,morning,6,0.71,8,Objects
Feelings,evening,4,0.28,3,People
Actions,morning,6,0.78,4,Actions
Places,evening,4,0.11,7,Needs
Feelings,morning,2,0.06,3,Needs
Places,evening,5,0.79,3,Actions
Places,night,6,0.86,5,Needs
Places,night,11,0.69,10,Objects
Feelings,morning,1,0.58,5,Needs
People,night,9,0.6,5,Feelings
People,morning,12,0.06,8,Objects
Needs,afternoon,10,0.88,9,Objects
Objects,night,7,0.88,5,Needs
Places,afternoon,3,0.67,10,Objects
Needs,afternoon,6,0.8,5,Places
People,afternoon,11,0.04,6,Needs
Objects,night,12,0.92,1,Feelings
Objects,morning,11,0.17,7,Needs
Places,afternoon,1,0.76,2,Actions
People,afternoon,2,0.45,8,Objects
People,morning,8,0.55,1,People
Needs,afternoon,9,0.19,3,Needs
Actions,evening,2,0.22,2,People
Actions,afternoon,11,0.76,3,Actions
Needs,afternoon,6,0.24,5,Places
Needs,evening,9,0.12,6,Needs
Feelings,morning,7,0.11,9,Objects
Feelings,afternoon,5,0.85,7,Places
Objects,afternoon,8,0.17,7,Needs
Actions,evening,6,0.25,4,People
Feelings,afternoon,2,0.03,6,Needs
Places,evening,1,0.19,4,Needs
Feelings,afternoon,8,1,4,Places
Feelings,night,7,0.17,5,Needs
Places,afternoon,12,0.99,3,Actions
People,afternoon,7,0.08,8,Objects
Places,evening,4,0.21,1,People
Feelings,afternoon,9,0.33,1,Places
Needs,afternoon,12,0.62,10,Objects
Actions,morning,2,0.88,8,Objects
Objects,evening,6,0.86,10,Objects
Places,evening,10,0.65,7,People
People,night,11,0.89,1,Feelings
Actions,night,1,0.7,5,Actions
People,night,4,0.96,10,Objects
Objects,night,2,0.03,6,Needs
Needs,night,2,0.37,8,Objects
Actions,night,6,0.3,3,Actions
Objects,night,4,0.55,4,Needs
Feelings,morning,5,0.14,6,Needs
Needs,afternoon,10,0.33,3,Places
Places,morning,12,0.53,4,Needs
Objects,evening,5,0.86,7,People
People,morning,11,0.13,9,Objects
Objects,evening,8,0.83,10,Objects
People,evening,10,0.32,5,People
Feelings,morning,8,0.62,4,Needs
People,night,10,0.96,2,Feelings
Feelings,night,4,0.66,10,Objects
Places,night,6,0.45,10,Objects
Feelings,night,3,0.02,3,Needs
Feelings,night,8,0.28,4,Feelings
People,morning,12,0.4,10,Objects
Needs,evening,1,0.87,5,People
Places,night,4,0.51,3,Needs
Needs,night,11,0.4,9,Objects
Actions,afternoon,1,0.4,4,Places
Actions,night,6,0.42,5,Actions
Objects,morning,4,0.98,3,Actions
Places,evening,7,0.82,6,People
Objects,afternoon,4,0.06,5,Needs
Actions,morning,8,0.4,10,Objects
Needs,afternoon,4,0,2,Needs
Objects,night,1,0.12,3,Needs
Objects,morning,7,0.69,8,Objects
Needs,morning,6,0.31,7,Actions
Objects,night,5,0.56,8,Objects
Places,afternoon,4,0.01,5,Needs
Needs,morning,5,0.32,1,Actions
Needs,afternoon,11,0.66,8,Objects
People,morning,4,0.09,8,Objects
People,evening,11,0.58,10,Objects
Needs,evening,4,0.81,2,Actions
People,evening,6,0.76,1,Actions
Needs,morning,7,0.49,1,Actions
Needs,night,6,0.84,3,Actions
Objects,evening,4,0.52,4,People
Feelings,evening,4,0.72,3,People
Actions,evening,4,0.38,3,People
People,morning,11,0.76,4,People
Feelings,afternoon,6,0.39,8,Objects
Feelings,evening,5,0.77,2,Actions
People,morning,9,0.72,5,People
Feelings,morning,3,0.7,8,Objects
Needs,evening,2,0.04,3,Needs
People,afternoon,7,0.49,4,People
Actions,afternoon,7,0.75,1,Places
Objects,afternoon,5,0.37,6,Places
People,morning,4,0.16,9,Objects
Objects,night,5,0.39,9,Objects
Needs,evening,4,0.09,9,Objects
Actions,morning,4,0.58,7,Actions
Feelings,afternoon,11,0.52,9,Objects
Needs,evening,3,0.73,6,People
Actions,evening,11,0.32,10,Objects
Actions,evening,6,0.54,6,People
Feelings,night,4,0.36,5,Needs
Feelings,afternoon,11,0.27,1,Places
Objects,night,11,0.44,6,Feelings
Places,evening,1,0.28,6,People
Actions,evening,6,0.2,7,People
Actions,evening,12,0.42,10,Objects
Places,night,11,0.76,3,Feelings
Needs,night,4,0.11,8,Objects
Objects,morning,7,0.7,10,Objects
People,night,5,0.89,10,Objects
People,afternoon,12,0.63,5,People
Actions,night,10,0.33,1,Feelings
People,evening,11,0.93,8,Objects
Objects,afternoon,8,0.91,2,Actions
Places,evening,12,0.4,1,People
Feelings,evening,4,0.34,3,People
People,morning,4,0.64,8,Objects
Feelings,evening,11,0.66,8,Objects
Needs,evening,5,0.07,6,Needs
Places,morning,12,0.84,5,Needs
People,afternoon,8,0.31,9,Objects
Places,morning,11,0.51,5,Needs
People,evening,12,0.55,1,People
People,morning,4,0.57,2,People
Places,afternoon,6,0.48,4,Places
Objects,afternoon,8,0.88,1,Actions
Actions,night,4,0.15,7,Needs
Actions,night,9,0.66,2,Feelings
Objects,night,9,0.24,10,Objects
Objects,night,9,0.96,6,Feelings
Needs,evening,2,0.72,9,Objects
Places,evening,1,0.41,4,People
Objects,morning,1,0.63,8,Objects
Needs,evening,12,0.22,9,Objects
People,afternoon,6,0.61,1,People
People,night,11,0.67,6,Feelings
Actions,morning,9,0.13,7,Needs
Needs,evening,9,0.08,7,Needs
Places,night,10,0.18,4,Needs
Feelings,night,12,0.35,8,Objects
Actions,night,4,0.32,4,Actions
Actions,evening,10,0.81,9,Objects
Places,night,5,0.83,8,Objects
Needs,night,4,0.02,3,Needs
Actions,night,9,0.3,7,Feelings
Actions,morning,4,0.58,5,Actions
Feelings,morning,7,0.55,2,Needs
Needs,evening,12,0.06,1,Needs
Feelings,afternoon,4,0.29,2,Places
Feelings,evening,10,0.82,2,Actions
Feelings,evening,8,0.81,3,Actions
Places,evening,1,0.3,9,Objects
People,evening,5,0.65,7,People
Needs,afternoon,12,0.48,3,Places
Objects,afternoon,5,0.53,7,Places
Needs,afternoon,6,0.07,9,Objects
Needs,night,10,0.62,4,Feelings
Needs,night,12,0.14,6,Needs
Objects,morning,2,0.04,2,Needs
Places,night,10,0.58,9,Objects
Needs,evening,4,0.12,5,Needs
Places,morning,4,0.26,9,Objects
Actions,evening,12,0.06,5,Needs
Needs,afternoon,3,0.05,4,Needs
Actions,night,11,0.06,1,Needs
Actions,evening,12,0.54,3,People
Actions,morning,9,0.55,1,Actions
Actions,morning,6,0.81,2,Actions
Objects,night,3,0.54,7,Needs
Places,evening,4,0.99,3,Actions
Actions,evening,9,0.93,4,People
Feelings,afternoon,7,0.1,10,Objects
People,afternoon,7,0.02,2,Needs
Feelings,night,2,0.66,3,Needs
Places,morning,5,0.17,1,Needs
Objects,night,11,0.2,5,Feelings
Feelings,evening,1,0.64,1,People
Actions,evening,8,0.06,1,Needs
People,night,10,0.9,1,Feelings
Objects,morning,3,0.92,10,Objects
Feelings,afternoon,5,0.23,4,Places
Places,night,6,0.95,8,Objects
Objects,morning,12,0.04,5,Needs
Objects,night,5,0.07,3,Needs
Actions,evening,4,0.26,9,Objects
Feelings,night,4,0.65,9,Objects
Actions,afternoon,5,0.89,1,Actions
Feelings,evening,2,0.78,3,Actions
Objects,afternoon,8,0.05,10,Objects
Feelings,night,8,0.15,5,Needs
Feelings,night,12,0.95,5,Feelings
Actions,night,8,0.25,5,Feelings
Places,night,9,0.51,8,Objects
Actions,night,4,0.32,2,Actions
People,night,9,0.2,1,Feelings
Needs,morning,8,0.44,5,Actions
Places,evening,8,0.98,5,People
Places,afternoon,11,0.54,3,Places
Feelings,morning,3,0.2,9,Objects
Feelings,morning,5,0.96,10,Objects
Feelings,morning,10,0.05,7,Needs
Actions,morning,12,0.22,5,Actions
Objects,evening,10,0.01,10,Objects
Needs,evening,2,0.87,5,People
Actions,morning,6,0.88,1,Actions
Places,evening,2,0.21,2,People
Actions,night,3,0.43,3,Actions
Objects,afternoon,7,1,7,Places
Places,afternoon,5,0.19,8,Objects
People,afternoon,12,0.18,6,Needs
People,night,10,0.97,10,Objects
Objects,morning,6,0.79,3,Actions
Actions,afternoon,12,0.34,4,Places
Feelings,night,1,0.89,1,Actions
People,afternoon,11,0.28,4,People
People,night,9,0.7,1,Feelings
Feelings,night,2,0.75,2,Needs
Objects,afternoon,3,0.48,3,Places
Feelings,morning,10,0.52,5,Needs
Needs,afternoon,7,0.49,7,Places
People,evening,9,0.65,8,Objects
Actions,morning,7,0.47,10,Objects
Feelings,night,5,0.57,8,Objects
Places,night,6,0.44,1,Needs
Objects,evening,5,0.73,4,People
People,morning,6,0.74,8,Objects
Actions,evening,11,0.13,6,Needs
Actions,morning,8,0.81,8,Objects
People,morning,9,0.94,3,Actions
People,evening,4,0.33,8,Objects
Actions,morning,1,0.43,2,Actions
People,evening,1,0.81,8,Objects
Needs,night,7,0.21,10,Objects
Actions,evening,11,0.58,7,People
Objects,evening,9,0.46,6,People
Objects,afternoon,3,0.7,7,Places
Places,afternoon,11,0.15,3,Needs
Places,morning,2,0.1,3,Needs
Feelings,afternoon,6,0.21,7,Places
People,night,2,0.1,8,Objects
Actions,evening,4,0.36,6,People
Actions,morning,10,0.87,7,Actions
Feelings,morning,3,0.13,7,Needs
Places,morning,10,0.15,6,Needs
Objects,morning,4,0.68,8,Objects
Needs,afternoon,1,0.1,4,Needs
Actions,morning,7,0.76,5,Actions
Feelings,evening,8,0.63,10,Objects
People,morning,6,0.56,2,People
People,afternoon,11,0.2,10,Objects
Actions,afternoon,4,0.45,1,Places
Objects,afternoon,10,0.53,8,Objects
People,evening,5,0.84,3,Actions
People,afternoon,1,0.49,3,People
Feelings,morning,3,0.93,8,Objects
Actions,evening,4,0.41,4,People
Actions,morning,3,0.83,8,Objects
Actions,afternoon,3,0.84,8,Objects
Feelings,evening,4,0.87,3,Actions
Objects,afternoon,6,0.42,2,Places
People,evening,4,0.04,6,Needs
Actions,morning,6,0.18,4,Needs
People,morning,2,0.66,10,Objects
Places,afternoon,9,0.66,4,Places
People,morning,6,0.54,4,People
Actions,evening,10,0.53,4,People
Actions,evening,5,0.92,2,Actions
Actions,afternoon,2,0.12,7,Needs
Places,night,7,0.72,9,Objects
Needs,evening,2,0.94,3,Actions
Objects,night,11,0.59,3,Feelings
Objects,morning,3,0.62,5,Needs
Feelings,morning,2,0.01,9,Objects
People,evening,6,0.71,4,People
People,night,11,0.06,3,Needs
Places,evening,11,0.62,3,People
Actions,night,8,0.54,1,Feelings
People,afternoon,12,0.07,8,Objects
Places,night,7,0.28,10,Objects
Places,night,1,0.31,2,Needs
Actions,evening,7,0.03,2,Needs
Needs,afternoon,4,0.19,6,Needs
Needs,night,5,0.36,4,Actions
Places,evening,10,0.1,5,Needs
Places,afternoon,2,0.99,4,Places
Needs,afternoon,3,0.83,6,Places
Actions,evening,2,0.14,4,Needs
Needs,evening,10,0.41,3,People
Objects,morning,2,0.5,8,Objects
Needs,night,12,0.11,10,Objects
Objects,afternoon,11,0.97,3,Actions
Needs,evening,11,0.7,7,People
Actions,morning,10,0.51,5,Actions
Actions,afternoon,6,0.93,1,Actions
Objects,night,2,0.65,1,Needs
Places,morning,11,0.38,2,Needs
People,night,10,0.8,9,Objects
Needs,night,6,0.11,8,Objects
Objects,night,8,0.32,9,Objects
Places,evening,11,0.96,6,People
Actions,morning,7,0.27,9,Objects
People,night,6,0.05,9,Objects
Actions,evening,2,0.03,10,Objects
Places,evening,6,0.14,1,Needs
Objects,night,9,0.23,2,Feelings
Needs,morning,9,0.26,2,Actions
Places,morning,1,0.51,10,Objects
Feelings,afternoon,5,0.72,4,Places
People,afternoon,12,0.11,2,Needs
Places,evening,9,0.39,1,People
Feelings,evening,11,0.98,9,Objects
People,night,12,0,5,Needs
Objects,night,12,0.48,1,Feelings
People,morning,8,0,2,Needs
Places,afternoon,10,0.75,4,Places
Objects,afternoon,2,0.65,2,Places
Needs,evening,9,0.17,5,Needs
Actions,morning,2,0.14,1,Needs
Needs,afternoon,11,0.43,6,Places
Objects,morning,3,0.98,1,Actions
Objects,night,5,0.05,9,Objects
Needs,afternoon,1,0.93,5,Places
Places,night,5,0.36,9,Objects
Actions,morning,1,0.16,8,Objects
Objects,evening,3,0.47,2,People
Actions,evening,4,0.41,10,Objects
Feelings,night,9,0.71,6,Feelings
Actions,afternoon,11,0.98,8,Objects
Actions,evening,4,0.17,5,Needs
Places,afternoon,2,0.92,7,Places
Objects,afternoon,12,0.51,1,Places
Actions,morning,4,0.56,6,Actions
Objects,afternoon,10,0.38,2,Places
Places,night,10,0.23,9,Objects
People,morning,11,0.09,5,Needs
Needs,night,10,0.13,3,Needs
Places,evening,2,0.65,4,People
Actions,morning,9,0.76,6,Actions
People,night,9,0.54,7,Feelings
Feelings,night,7,0.35,6,Needs
Feelings,morning,4,0.74,5,Needs
Actions,evening,3,0.83,3,Actions
Objects,morning,3,0.59,5,Needs
People,morning,5,0.91,2,Actions
Places,morning,11,0.36,10,Objects
Places,evening,9,0.58,6,People
People,morning,8,0.05,2,Needs
People,evening,12,0.55,3,People
Needs,afternoon,7,0.05,10,Objects
Places,evening,1,0.05,5,Needs
Places,afternoon,8,0.48,2,Places
Actions,evening,1,0.71,5,People
Places,afternoon,7,0.84,5,Places
People,morning,1,0.98,4,People
Objects,evening,3,0.53,5,People
Places,morning,7,0.7,4,Needs
Places,night,11,0.89,1,Feelings
People,evening,2,0.59,10,Objects
Needs,afternoon,1,0.86,10,Objects
People,evening,4,0.07,4,Needs
Needs,morning,5,0.25,3,Actions
Feelings,morning,7,0.5,6,Needs
Actions,evening,6,0.29,1,People
Actions,afternoon,6,0.98,7,Places
Objects,night,3,0.13,4,Needs
Objects,morning,12,0.31,10,Objects
Places,evening,4,0.98,10,Objects
Objects,morning,2,0.17,3,Needs
Objects,afternoon,8,0.15,9,Objects
Objects,morning,7,0.32,6,Needs
Places,night,12,0.36,4,Feelings
Feelings,night,9,0.52,3,Feelings
People,night,6,0.9,3,Actions
Feelings,night,2,0.43,10,Objects
Objects,evening,10,0.47,4,People
Actions,evening,3,0.23,10,Objects
Objects,evening,10,0.91,9,Objects
Places,night,7,0.69,5,Needs
Places,morning,9,0.83,7,Needs
Places,evening,9,0.66,10,Objects
Objects,afternoon,12,0.93,8,Objects
Feelings,evening,7,0.55,3,People
Needs,morning,3,0.28,9,Objects
People,afternoon,4,0.46,7,People
People,afternoon,6,0.14,7,Needs
Needs,evening,12,0.44,4,People
People,evening,8,0.97,3,Actions
Objects,night,7,0.37,7,Needs
Actions,night,3,0.66,9,Objects
Objects,evening,11,0.04,3,Needs
People,morning,9,0.75,8,Objects
Needs,night,1,0.21,6,Actions
Objects,evening,10,0.37,7,People
Places,afternoon,12,0.73,8,Objects
Places,evening,3,0.03,3,Needs
Places,evening,9,0.05,6,Needs
Places,evening,10,0.46,10,Objects
People,night,12,0.17,8,Objects
People,evening,1,0.17,8,Objects
Objects,night,3,0.57,5,Needs
People,evening,1,0.72,7,People
Feelings,night,6,0.76,4,Needs
Places,morning,10,0.62,1,Needs
Needs,night,12,0.58,2,Feelings
Objects,morning,11,0.09,7,Needs
Actions,afternoon,7,0.39,10,Objects
Objects,night,1,0.31,7,Needs
Needs,morning,9,0.32,10,Objects
Feelings,morning,6,0.03,5,Needs
People,morning,2,0.79,1,Actions
Needs,afternoon,9,0.7,8,Objects
Actions,evening,7,0.48,8,Objects
Feelings,morning,10,0.79,2,Actions
Places,morning,3,0.88,6,Needs
People,night,2,0.79,1,Actions
Feelings,night,5,0.21,6,Needs
Places,morning,3,0.12,1,Needs
Feelings,night,12,0.25,6,Feelings
Places,morning,11,0.18,10,Objects
Objects,afternoon,11,0.23,6,Places
Needs,evening,2,0.99,8,Objects
Objects,night,5,0.83,10,Objects
People,evening,12,0.31,6,People
People,morning,9,0.47,4,People
Needs,night,5,0.93,3,Actions
Feelings,afternoon,11,0.32,4,Places
Needs,morning,8,0.02,1,Needs
Objects,evening,11,0.57,8,Objects
Actions,evening,12,0.86,4,People
Objects,afternoon,4,0.07,4,Needs
Places,morning,8,0.4,10,Objects
Actions,afternoon,2,0.48,7,Places
Actions,morning,8,0.2,9,Objects
People,morning,8,0.75,7,People
Needs,afternoon,12,0.95,10,Objects
Needs,evening,6,0.74,6,People
Objects,morning,7,0.21,3,Needs
Needs,evening,3,0.86,10,Objects
Objects,night,8,0.55,9,Objects
Needs,morning,9,0.02,6,Needs
People,evening,1,0.61,10,Objects
Needs,night,10,0.04,9,Objects
Places,evening,3,0.09,2,Needs
Actions,morning,9,0.56,2,Actions
People,morning,5,0.72,5,People
Places,morning,12,0.82,4,Needs
Objects,afternoon,6,0.83,2,Actions
Actions,morning,8,0.33,4,Actions
Places,afternoon,2,0.97,4,Places
Objects,night,8,0.9,2,Feelings
Needs,afternoon,2,0.17,6,Needs
Places,night,9,0.08,9,Objects
Feelings,night,8,0.38,2,Feelings
Needs,evening,7,0.6,7,People
Objects,morning,10,0.91,8,Objects
Places,evening,3,0.5,1,People
Needs,morning,9,0.53,4,Actions
Places,night,7,0.8,5,Needs
Needs,night,4,0.76,4,Actions
Feelings,evening,1,0.98,10,Objects
Needs,afternoon,11,0.67,6,Places
Feelings,morning,12,0.53,10,Objects
Needs,morning,3,0.37,6,Actions
Needs,morning,10,0.25,9,Objects
Places,evening,7,0.17,10,Objects
Feelings,afternoon,4,0.18,10,Objects
Needs,afternoon,4,0.47,9,Objects
Feelings,afternoon,4,0.77,2,Actions
Places,night,5,0.98,8,Objects
Objects,morning,4,0.23,7,Needs
Needs,morning,2,0.16,5,Needs
Needs,night,7,0.27,5,Actions
Feelings,afternoon,4,0.2,6,Places
People,night,2,0.45,2,People
Needs,morning,2,0.54,10,Objects
Objects,night,10,0.29,10,Objects
Places,afternoon,9,0.81,7,Places
Actions,night,10,0.75,1,Feelings
Places,evening,12,0.7,10,Objects
Objects,morning,1,0.18,2,Needs
Objects,afternoon,3,0.86,7,Places
Places,morning,3,1,7,Needs
Needs,afternoon,1,0.1,3,Needs
Places,morning,5,0.41,9,Objects
Objects,evening,12,0.57,6,People
People,afternoon,6,0.95,9,Objects
Feelings,morning,6,0.19,3,Needs
Objects,night,10,0.17,7,Needs
Actions,evening,8,0.5,8,Objects
Objects,afternoon,2,0.31,6,Places
Actions,afternoon,12,0.71,3,Places
Objects,night,2,0.96,7,Needs
Needs,morning,4,0.69,9,Objects
Objects,evening,4,0.07,1,Needs
Feelings,evening,4,0.95,6,People
Places,evening,10,0.02,5,Needs
Actions,afternoon,8,0.14,6,Needs
People,morning,12,0.73,6,People
Actions,afternoon,5,0.8,8,Objects
Needs,morning,11,0.93,8,Objects
Objects,night,12,0.04,4,Needs
People,night,5,0.58,9,Objects
Places,evening,8,0,7,Needs
Objects,morning,12,0.27,10,Objects
Places,afternoon,1,0.6,4,Places
Places,afternoon,9,0.3,7,Places
Feelings,evening,12,0.55,7,People
Places,night,3,0.76,10,Objects
Objects,evening,4,0.55,5,People
Places,afternoon,2,0.6,4,Places
Actions,night,4,0.84,8,Objects
Needs,evening,7,0.15,10,Objects
Actions,evening,8,0.74,4,People
Objects,morning,10,0.21,7,Needs
Objects,afternoon,12,0.02,3,Needs
Places,night,8,0.43,5,Feelings
Needs,night,7,0.97,7,Actions
Places,night,3,0.75,9,Objects
Places,afternoon,11,0.17,5,Needs
Actions,evening,4,0.75,5,People
Actions,evening,9,0.79,5,People
Objects,evening,3,0.19,10,Objects
Objects,afternoon,12,0.32,10,Objects
Actions,afternoon,5,0.86,5,Places
Needs,night,1,0.88,1,Actions
Objects,night,1,0.97,2,Actions
Needs,morning,9,0.67,8,Objects
Places,evening,10,0.52,5,People
Feelings,afternoon,12,0.54,2,Places
Feelings,evening,1,0.12,3,Needs
Objects,afternoon,10,0.12,8,Objects
Objects,afternoon,9,0.12,2,Needs
Needs,evening,2,0.68,3,People
Objects,afternoon,6,0.56,5,Places
Objects,morning,4,0.36,6,Needs
Objects,evening,8,0.84,4,People
Needs,morning,12,0.44,7,Actions
Needs,afternoon,12,0.15,2,Needs
Actions,morning,6,0.79,6,Actions
Needs,evening,6,0.6,4,People
People,evening,2,0.65,4,People
Needs,night,7,0.87,3,Actions
People,morning,8,0.84,8,Objects
Places,evening,11,0.12,7,Needs
Actions,morning,4,0.86,3,Actions
Feelings,morning,10,0.39,8,Objects
People,morning,3,0.97,10,Objects
Needs,night,12,0.84,9,Objects
Actions,morning,10,0.11,9,Objects
Objects,night,8,0.67,9,Objects
Places,afternoon,3,0.72,4,Places
Objects,morning,9,0.37,10,Objects
People,morning,4,0.39,2,People
Needs,afternoon,6,0.45,1,Places
Needs,afternoon,11,0.2,8,Objects
Needs,evening,2,0.4,6,People
Feelings,night,11,0.11,4,Needs
Objects,evening,2,0.24,10,Objects
Places,night,3,0.59,4,Needs
Needs,evening,10,0.34,6,People
Needs,morning,6,0.22,9,Objects
Objects,evening,6,0.86,1,Actions
Feelings,night,5,0.29,1,Needs
Actions,night,12,0.92,10,Objects
Places,night,9,0.1,10,Objects
Objects,morning,10,0.09,10,Objects
Places,morning,11,0.62,1,Needs
People,morning,12,0.55,2,People
People,evening,10,0.43,2,People
Actions,afternoon,11,0.97,7,Places
Feelings,evening,1,0.69,8,Objects
Objects,morning,1,0.33,2,Needs
Places,evening,4,0.8,8,Objects
Actions,evening,2,0.13,4,Needs
Needs,morning,11,0.16,1,Needs
Objects,morning,10,0.33,7,Needs
Feelings,afternoon,7,0.31,1,Places
Actions,evening,7,0.91,7,People
Feelings,evening,11,0.68,6,People
People,night,12,0.74,2,Feelings
Actions,night,2,0.06,6,Needs
Actions,night,3,0.42,8,Objects
Places,evening,7,0.49,7,People
Needs,afternoon,8,0.92,6,Places
Needs,evening,4,0.1,6,Needs
Objects,morning,5,0.7,7,Needs
Places,night,3,0.52,6,Needs
Needs,afternoon,1,0.46,7,Places
Feelings,evening,10,0.69,5,People
Feelings,night,9,0.84,10,Objects
Objects,evening,8,0.67,1,People
Feelings,evening,8,0.43,6,People
People,night,4,0.21,3,People
Objects,night,6,0.21,1,Needs
People,night,7,0.96,4,People
Actions,afternoon,3,0.73,9,Objects
Actions,evening,4,0.71,9,Objects
Needs,night,2,0.33,2,Actions
Needs,afternoon,10,0.77,5,Places
Places,morning,3,0.81,5,Needs
Places,night,2,0.1,10,Objects
People,night,7,0.28,6,People
Feelings,morning,1,0.05,6,Needs
Feelings,afternoon,2,0.15,6,Needs
Objects,evening,11,0.09,1,Needs
Feelings,evening,2,0.7,1,People
Objects,evening,6,0.53,1,People
Feelings,morning,12,0.56,6,Needs
Objects,night,9,0.4,5,Feelings
Needs,afternoon,11,0.79,5,Places
Objects,night,3,0.37,6,Needs
Objects,night,7,0.22,4,Needs
Objects,morning,10,0.79,9,Objects
Places,evening,3,0.07,3,Needs
Needs,morning,6,0.96,9,Objects
Objects,night,5,0.15,3,Needs
Actions,night,5,0.04,2,Needs
Objects,afternoon,2,0.82,5,Places
Needs,morning,4,0.04,8,Objects
People,evening,9,0.55,1,People
People,night,2,0.08,6,Needs
Objects,night,9,0.61,4,Feelings
Feelings,afternoon,5,0.62,8,Objects
Feelings,night,4,0.85,7,Needs
Needs,morning,11,0.34,7,Actions
Needs,night,8,0.27,8,Objects
Feelings,afternoon,6,0.26,2,Places
Needs,evening,4,0.45,3,People
Needs,afternoon,10,0.35,4,Places
Actions,morning,7,0.54,10,Objects
Objects,morning,12,0.54,4,Needs
Needs,morning,1,0.15,3,Needs
Objects,morning,7,0.29,8,Objects
Objects,afternoon,9,0.65,4,Places
People,morning,8,0.19,8,Objects
Actions,morning,2,0.56,1,Actions
Feelings,evening,7,0.13,3,Needs
Places,evening,8,0.86,4,People
Places,night,3,0.52,1,Needs
Needs,night,11,0.04,9,Objects
Feelings,morning,1,0.16,9,Objects
Needs,afternoon,2,0.67,7,Places
Places,afternoon,2,0.25,10,Objects
Actions,night,3,0.92,8,Objects
Needs,morning,4,0.75,8,Objects
People,afternoon,9,0.83,3,Actions
People,morning,8,0.86,9,Objects
Feelings,morning,7,0.22,8,Objects
Actions,night,10,0.29,10,Objects
Actions,afternoon,5,0.73,8,Objects
People,evening,8,0.64,2,People
Needs,night,7,0.42,10,Objects
Feelings,evening,11,0.33,1,People
Feelings,evening,1,0.76,8,Objects
Objects,afternoon,5,0.16,2,Needs
Places,night,10,0.2,6,Feelings
Needs,morning,5,0.15,2,Needs
Needs,afternoon,8,0.51,6,Places
Places,afternoon,4,0.79,8,Objects
Places,morning,10,0.69,9,Objects
Actions,morning,12,0.28,2,Actions
People,evening,11,0.82,6,People
Actions,night,10,0.23,10,Objects
Actions,night,5,0.81,6,Actions
Needs,night,11,0.46,2,Feelings
Actions,night,4,0.14,3,Needs
People,evening,4,0.27,3,People
Objects,morning,11,0.86,8,Objects
Places,evening,6,0.7,8,Objects
People,morning,10,0.84,5,People
Objects,evening,2,0.36,2,People
Places,night,5,0.33,9,Objects
Places,morning,1,0.59,1,Needs
Feelings,night,2,0.24,7,Needs
Objects,morning,6,0.06,7,Needs
Objects,afternoon,7,0.94,3,Actions
Needs,night,4,0.99,6,Actions
Actions,night,1,0.36,7,Actions
People,night,2,0.23,1,People
People,afternoon,2,0.69,7,People
Places,afternoon,8,0.72,6,Places
Actions,night,9,0.97,7,Feelings
Places,morning,11,0.37,7,Needs
Objects,night,2,0.39,7,Needs
Needs,afternoon,11,0.26,4,Places
Objects,evening,3,0.49,3,People
Places,night,10,0.93,8,Objects
Places,afternoon,5,0.96,8,Objects
Places,evening,1,0.96,5,People
Feelings,morning,9,0.25,9,Objects
Actions,morning,2,0.21,3,Actions
Objects,afternoon,10,0.96,6,Places
Places,morning,4,0.53,3,Needs
Needs,night,5,0.41,6,Actions
Places,evening,1,0.82,3,Actions
Feelings,evening,2,0.68,10,Objects
Places,night,6,0.9,8,Objects
Objects,night,3,0.6,1,Needs
Actions,evening,11,0.63,1,People
Needs,night,11,0.37,9,Objects
Actions,afternoon,3,0.8,3,Actions
Needs,afternoon,9,0.36,3,Places
People,afternoon,3,0.43,8,Objects
Feelings,evening,2,0.65,2,People
Actions,night,6,0.93,3,Actions
Objects,evening,6,0.78,1,Actions
Places,afternoon,3,1,3,Actions
Needs,night,9,0.01,8,Objects
Feelings,evening,8,0.47,9,Objects
Places,morning,6,0.68,5,Needs
Feelings,morning,12,0.6,3,Needs
Feelings,evening,1,0.77,10,Objects
People,evening,10,0.78,8,Objects
Feelings,afternoon,9,0.31,4,Places
Actions,evening,2,0.28,8,Objects
Feelings,morning,9,0.18,10,Objects
Places,evening,4,0.5,5,People
Feelings,night,7,0.27,7,Needs
Places,morning,11,0.21,10,Objects
Objects,morning,10,0.61,9,Objects
Needs,night,9,0,5,Needs
Objects,evening,10,0.95,3,Actions
Places,afternoon,6,0.35,9,Objects
Objects,afternoon,5,0.35,4,Places
Objects,night,12,0.67,7,Feelings
Needs,evening,5,0.27,8,Objects
Actions,morning,4,0.53,5,Actions
Needs,evening,2,0.67,3,People
Needs,morning,3,0.07,7,Needs
Actions,night,1,0.35,6,Actions
Objects,night,3,0.35,4,Needs
People,morning,8,0.42,9,Objects
Objects,night,10,0.83,7,Feelings
Places,night,11,0.47,1,Feelings
Feelings,evening,5,0.45,7,People
Feelings,afternoon,6,0.91,9,Objects
Needs,afternoon,12,0.95,10,Objects
Needs,evening,6,0.96,5,People
Objects,morning,9,0.3,1,Needs
Feelings,evening,7,0.51,3,People
Objects,evening,1,0.79,1,Actions
Feelings,evening,6,0.99,7,People
Objects,morning,9,0.84,5,Needs
Feelings,afternoon,4,0.06,8,Objects
Places,night,12,0.81,8,Objects
Places,night,12,0.93,3,Feelings
Places,afternoon,10,0.52,8,Objects
Objects,night,11,0.38,6,Feelings
Objects,night,5,0.68,4,Needs
Objects,night,10,0.7,3,Feelings
Places,morning,9,0.01,5,Needs
Needs,afternoon,1,0.07,1,Needs
Needs,night,12,0.38,2,Feelings
Actions,afternoon,2,0.1,6,Needs
Needs,afternoon,12,0.22,10,Objects
Objects,morning,10,0.72,2,Needs
Places,night,5,0.78,7,Needs
Objects,night,4,0.69,8,Objects
Feelings,morning,2,0.26,1,Needs
Needs,evening,10,0.4,1,People
Actions,evening,1,0.2,5,People
People,morning,7,0.5,3,People
Actions,afternoon,7,0.55,2,Places
Needs,night,8,0.4,8,Objects
People,night,2,0.85,7,People
Actions,morning,12,0.75,10,Objects
Actions,morning,6,0.73,4,Actions
Objects,afternoon,10,0.1,2,Needs
Actions,evening,7,0.4,1,People
Places,afternoon,10,0.31,3,Places
Actions,afternoon,1,0.3,9,Objects
Feelings,afternoon,10,0.61,4,Places
Objects,night,11,0.68,9,Objects
Feelings,evening,2,0.53,5,People
Feelings,afternoon,9,0.08,2,Needs
People,morning,12,0.11,5,Needs
People,morning,10,0.02,7,Needs
People,night,2,0.28,6,People
Feelings,afternoon,10,0.99,7,Places
Needs,morning,3,0.61,5,Actions
Feelings,afternoon,3,0.4,8,Objects
Needs,night,7,0.46,1,Actions
Feelings,morning,9,0.4,5,Needs
Needs,evening,12,0.05,8,Objects
Places,evening,6,0.88,8,Objects
Objects,night,5,0.56,4,Needs
Places,evening,12,0.29,5,People
Objects,night,2,0.57,5,Needs
Places,night,3,0.51,9,Objects
Places,afternoon,4,0.81,2,Actions
People,evening,2,0.3,1,People
Actions,afternoon,8,0.09,5,Needs
People,evening,4,0.8,5,People
People,night,1,0.81,3,Actions
Places,morning,8,0.98,1,Actions
Places,afternoon,10,0.42,3,Places
Places,evening,11,0.21,4,People
Objects,afternoon,12,0.2,5,Places
Places,afternoon,11,0.25,5,Places
People,evening,4,0.51,1,People
Objects,afternoon,7,0.08,3,Needs
Feelings,night,12,0.97,4,Feelings
Needs,morning,12,0.48,1,Actions
Needs,evening,4,0.67,6,People
People,morning,7,0.39,7,People
Needs,afternoon,7,0.71,2,Places
Needs,night,9,0.51,7,Feelings
Actions,evening,6,0.85,10,Objects
Objects,afternoon,6,0.21,8,Objects
Needs,morning,8,0.85,9,Objects
Objects,afternoon,5,0.19,8,Objects
Actions,afternoon,2,0.28,7,Places
Places,afternoon,3,0.36,7,Places
Places,evening,10,0.79,10,Objects
Feelings,afternoon,1,0.2,6,Places
Feelings,evening,6,0.6,4,People
Feelings,night,4,0.02,8,Objects
Needs,evening,11,0.43,3,People
People,afternoon,11,0.86,3,Actions
Feelings,afternoon,12,0.45,1,Places
Objects,evening,3,0.71,10,Objects
Actions,night,1,0.62,4,Actions
Feelings,morning,3,0.97,1,Actions
Places,morning,9,0.6,1,Needs
Places,night,9,0.28,5,Feelings
Needs,morning,5,0.19,2,Needs
People,afternoon,2,0.38,5,People
Actions,evening,5,0.86,2,Actions
Places,evening,11,0.69,5,People
Feelings,morning,11,0.85,4,Needs
Places,morning,4,0.38,10,Objects
Objects,evening,10,0.25,5,People
People,morning,9,0.23,8,Objects
Objects,evening,1,0.71,3,People
Objects,afternoon,10,0.56,6,Places
People,night,1,0.8,3,Actions
Places,afternoon,2,0.18,2,Needs
Actions,night,1,0.01,8,Objects
Actions,evening,11,0.34,1,People
Actions,evening,4,0.47,4,People
Needs,afternoon,3,0.1,7,Needs
Places,evening,5,0.25,4,People
Objects,night,7,0.9,9,Objects
Actions,morning,6,0.51,3,Actions
Feelings,evening,3,0.82,2,Actions
Actions,evening,7,0.44,10,Objects
Actions,night,8,0.65,7,Feelings
Feelings,morning,9,0.42,3,Needs
People,morning,3,0.94,7,People
Actions,morning,2,0.39,5,Actions
Actions,night,8,0.14,3,Needs
Feelings,afternoon,8,0.84,10,Objects
Actions,evening,10,0.06,9,Objects
Places,morning,6,0.83,7,Needs
Needs,afternoon,9,0.32,2,Places
Places,afternoon,6,0.26,5,Places
Feelings,night,10,0.62,10,Objects
Objects,morning,12,0.66,6,Needs
Places,afternoon,12,0,2,Needs
Places,night,11,0.85,10,Objects
Feelings,evening,10,0.48,1,People
Places,evening,7,0.03,4,Needs
Needs,morning,6,0.42,6,Actions
Actions,evening,11,0.1,4,Needs
People,afternoon,7,0.97,1,Actions
Feelings,night,5,0.93,3,Actions
Places,afternoon,1,0.65,2,Places
Feelings,morning,1,0.01,10,Objects
Actions,evening,3,0.88,10,Objects
Places,morning,5,0.94,9,Objects
People,evening,7,0.5,6,People
Needs,night,8,0.54,1,Feelings
Objects,night,9,0.45,3,Feelings
Actions,afternoon,10,0.33,4,Places
Feelings,morning,3,0.66,2,Needs
Objects,night,7,0.5,9,Objects
Actions,morning,8,0.2,5,Actions
Objects,evening,5,0.9,8,Objects
Actions,evening,9,0.32,2,People
Needs,evening,5,0.28,10,Objects
Actions,afternoon,9,0.06,4,Needs
Needs,morning,6,0.19,10,Objects
Needs,morning,6,0.12,5,Needs
Feelings,afternoon,2,0.73,10,Objects
Objects,evening,12,0.04,3,Needs
Feelings,evening,7,0.95,8,Objects
Feelings,night,12,0.09,6,Needs
Needs,morning,5,0.45,2,Actions
Objects,afternoon,9,0.47,8,Objects
Actions,night,5,0.27,1,Actions
Places,evening,3,0.12,6,Needs
Actions,morning,10,0.46,6,Actions
Needs,afternoon,7,0.01,4,Needs
People,evening,10,0.35,6,People
Objects,night,3,0.01,3,Needs
Feelings,afternoon,3,0.86,7,Places
Actions,night,4,0.28,3,Actions
Needs,night,6,0.48,4,Actions
Objects,night,1,0.21,1,Needs
Actions,night,5,0.83,1,Actions
People,evening,7,0.09,8,Objects
Places,afternoon,10,0.58,4,Places
Actions,morning,11,0.77,5,Actions
Needs,night,12,0.87,7,Feelings
Actions,evening,2,0.94,5,People
Objects,afternoon,5,0.23,8,Objects
People,morning,9,0.1,8,Objects
Actions,afternoon,2,0.95,7,Places
Feelings,night,11,0.81,6,Feelings
People,evening,4,0.3,6,People
Needs,evening,4,0.29,4,People
People,morning,6,0.8,8,Objects
Actions,night,4,0.03,4,Needs
Feelings,afternoon,1,0.06,6,Needs
Needs,evening,10,0.21,1,People
People,afternoon,6,0.58,6,People
Needs,afternoon,11,0.74,10,Objects
People,night,3,0.91,1,Actions
Objects,evening,12,0.94,10,Objects
Actions,night,1,0.58,8,Objects
Needs,afternoon,12,0.42,5,Places
Places,morning,9,0.84,9,Objects
People,afternoon,6,0.91,9,Objects
Feelings,afternoon,4,0.84,1,Actions
Actions,evening,5,0.17,4,Needs
Places,morning,12,0.88,9,Objects
Objects,morning,4,0.65,2,Needs
Objects,evening,12,0.51,2,People
People,afternoon,7,0.82,9,Objects
Actions,morning,10,0.9,3,Actions
Needs,afternoon,7,0.24,2,Places
Objects,evening,9,0.68,1,People
Actions,evening,3,0.56,4,People
Actions,morning,7,0.67,10,Objects
Actions,evening,12,0.97,5,People
People,afternoon,9,0.26,10,Objects
Feelings,morning,3,0.82,9,Objects
Needs,evening,11,0.46,7,People
People,afternoon,5,0.58,2,People
People,night,4,0.83,8,Objects
Feelings,morning,11,0.02,4,Needs
Objects,afternoon,10,0.12,5,Needs
Objects,night,10,0,10,Objects
Feelings,morning,12,0.5,10,Objects
People,morning,3,0.79,1,Actions
Objects,afternoon,1,0.14,1,Needs
Needs,night,3,0.59,6,Actions
Feelings,evening,4,0.79,7,People
Needs,night,11,0.84,3,Feelings
People,evening,3,0.24,5,People
Feelings,evening,2,0.31,7,People
Needs,morning,7,0.44,9,Objects
Places,afternoon,1,0.48,7,Places
Places,night,11,0.64,4,Feelings
Needs,evening,9,0.56,9,Objects
People,afternoon,9,0.65,5,People
Places,afternoon,11,0.56,4,Places
People,evening,2,0.19,8,Objects
Feelings,night,11,0.58,8,Objects
People,morning,3,0.22,9,Objects
Actions,evening,2,0.98,7,People
Objects,evening,11,0.72,10,Objects
Objects,evening,10,0.36,5,People
Actions,evening,9,0.74,4,People
Actions,afternoon,9,0.04,9,Objects
Feelings,afternoon,5,0.58,4,Places
Objects,afternoon,7,0.17,7,Needs
Objects,morning,7,0.04,4,Needs
Objects,morning,8,0.42,3,Needs
Feelings,night,8,0.15,6,Needs
Places,night,5,0.76,6,Needs
People,morning,2,0.04,9,Objects
Needs,morning,4,0.89,3,Actions
People,evening,6,0.51,2,People
Actions,morning,2,0.43,8,Objects
Objects,night,5,0.31,4,Needs
Actions,night,6,0.82,8,Objects
Places,morning,1,0.55,5,Needs
Actions,afternoon,5,0.7,2,Places
Feelings,night,11,0.6,7,Feelings
People,night,11,0.65,2,Feelings
Feelings,night,4,0.3,9,Objects
Objects,night,10,0.63,1,Feelings
Needs,evening,9,0.29,9,Objects
People,afternoon,5,0.43,1,People
Places,evening,3,0.52,7,People
Actions,night,9,0.54,10,Objects
People,afternoon,6,0.58,1,People
Actions,morning,1,0.12,3,Needs
Objects,morning,10,0.26,9,Objects
Places,morning,8,0.62,7,Needs
Places,night,5,0.39,7,Needs
Objects,afternoon,9,0.14,7,Needs
Needs,evening,10,0.66,6,People
Feelings,afternoon,6,0.77,7,Places
Needs,morning,11,0.71,6,Actions
Objects,night,8,0.9,1,Feelings
Needs,morning,7,0.84,9,Objects
Objects,evening,5,0.39,3,People
People,afternoon,9,0.09,7,Needs
Feelings,evening,5,0.04,4,Needs
People,afternoon,12,0.61,2,People
Actions,night,7,0.04,10,Objects
Places,morning,4,0.49,9,Objects
People,night,1,0.75,8,Objects
Needs,morning,7,1,5,Actions
People,morning,11,0.46,4,People
Places,afternoon,5,0.61,4,Places
People,night,12,0.61,5,Feelings
Actions,morning,12,0.1,10,Objects
Objects,afternoon,8,0.68,1,Places
Feelings,evening,5,0.68,9,Objects
Objects,afternoon,2,0.64,7,Places
People,afternoon,12,0.45,8,Objects
Objects,afternoon,8,0.75,5,Places
Actions,morning,5,0.29,10,Objects
Objects,evening,1,0.6,1,People
Feelings,morning,11,0.44,2,Needs
Feelings,night,5,0.52,2,Needs
Places,evening,2,0.96,6,People
Feelings,morning,1,0.63,4,Needs
Needs,night,2,0.87,8,Objects
Places,night,12,0.85,10,Objects
Needs,morning,2,0,1,Needs
Places,morning,2,0.3,7,Needs
Feelings,afternoon,2,0.04,4,Needs
Feelings,morning,5,0.12,9,Objects
Places,evening,5,0.78,8,Objects
People,evening,9,0.66,1,People
Places,afternoon,2,0.21,8,Objects
Objects,afternoon,11,0.16,9,Objects
Actions,evening,3,0.25,5,People
Feelings,night,2,0.55,8,Objects
People,afternoon,4,0.22,8,Objects
Actions,evening,2,0.87,7,People
Objects,morning,4,0.58,10,Objects
Needs,morning,3,0.22,4,Actions
Needs,night,1,0.69,9,Objects
Feelings,morning,5,0.98,3,Actions
Actions,night,9,0.53,4,Feelings
Actions,morning,6,0.2,10,Objects
Needs,night,6,0.7,2,Actions
People,morning,12,0.51,5,People
Actions,night,11,0.27,6,Feelings
Feelings,evening,5,0.05,4,Needs
People,afternoon,1,0.18,8,Objects
People,afternoon,11,0.01,10,Objects
Places,night,1,0.73,5,Needs
Actions,evening,8,0.49,9,Objects
People,evening,4,0.86,5,People
Feelings,evening,3,0.01,4,Needs
Actions,night,4,0.87,8,Objects
Places,afternoon,2,0.41,2,Places
People,evening,11,0.91,7,People
Actions,afternoon,1,0.08,10,Objects
Needs,evening,3,0.54,3,People
People,morning,7,0.64,6,People
Feelings,night,5,0.23,9,Objects
Needs,night,1,0.8,6,Actions
Feelings,evening,11,0.05,6,Needs
Actions,afternoon,3,0.86,7,Places
Objects,evening,1,0.52,8,Objects
Objects,night,4,0.15,1,Needs
People,evening,5,0.1,5,Needs
Feelings,night,8,0.4,8,Objects
Actions,afternoon,7,0.42,7,Places
Feelings,night,8,0.78,3,Feelings
Feelings,morning,5,0.71,1,Needs
Needs,morning,12,0.88,9,Objects
Needs,afternoon,2,0.66,2,Places
Objects,morning,11,0.84,3,Actions
Needs,afternoon,3,0.31,1,Places
Feelings,night,9,0.86,9,Objects
Feelings,morning,1,0.18,10,Objects
Objects,evening,1,0.43,10,Objects
Objects,evening,4,0.83,8,Objects
Objects,night,1,0.6,6,Needs
Needs,morning,3,0.29,9,Objects
Places,afternoon,8,0.04,1,Needs
People,night,11,0.34,7,Feelings
Feelings,morning,1,0.01,3,Needs
Objects,morning,1,0.61,1,Needs
People,evening,9,0.19,10,Objects
People,night,8,0.89,2,Feelings
Needs,afternoon,9,0.93,4,Places
Actions,night,1,0.04,5,Needs
Feelings,night,6,0.91,4,Needs
Needs,evening,8,0.21,8,Objects
Feelings,evening,1,0.41,1,People
Places,night,12,0.38,9,Objects
People,afternoon,3,0.77,4,People
Places,night,3,0.83,5,Needs
Needs,afternoon,4,0.46,7,Places
Objects,night,7,0.43,6,Needs
Objects,morning,1,0.98,4,Needs
Places,night,10,0.07,10,Objects
People,night,4,0.37,1,People
Needs,afternoon,7,0.92,6,Places
Objects,morning,12,0.88,8,Objects
Feelings,afternoon,5,0.67,3,Places
Places,morning,9,0.18,7,Needs
Needs,night,5,0.47,9,Objects
Feelings,morning,4,0.71,6,Needs
People,night,10,0.96,4,Feelings
Places,morning,3,0.61,6,Needs
Needs,afternoon,3,0.74,6,Places
Places,evening,5,0.76,4,People
Objects,evening,11,0.13,8,Objects
Objects,afternoon,9,0.12,9,Objects
Feelings,afternoon,2,0.04,9,Objects
People,morning,7,0.35,3,People
People,afternoon,10,0.03,9,Objects
People,evening,9,0.16,6,Needs
Actions,morning,1,0.52,8,Objects
Objects,afternoon,6,0.25,9,Objects
Needs,afternoon,7,0.73,8,Objects
Feelings,night,7,0.18,4,Needs
Feelings,afternoon,1,0.16,1,Needs
Places,afternoon,2,0.18,8,Objects
Objects,evening,5,0.15,5,Needs
Places,afternoon,9,0.32,6,Places
Places,evening,1,0.71,4,People
Needs,morning,7,0.48,2,Actions
Objects,morning,12,0.59,1,Needs
People,morning,7,0.02,2,Needs
Feelings,morning,10,0.09,5,Needs
Objects,night,9,0.21,7,Feelings
Actions,afternoon,4,0.54,1,Places
Feelings,afternoon,8,0.3,8,Objects
Feelings,evening,10,0.04,8,Objects
Needs,afternoon,11,0.9,3,Actions
Objects,night,1,0.65,6,Needs
People,evening,3,0.38,4,People
Objects,morning,2,0.4,4,Needs
Needs,morning,4,0.94,3,Actions
Places,afternoon,5,0.97,10,Objects
Needs,afternoon,6,0.2,10,Objects
People,evening,10,0.33,6,People
Objects,night,5,0.05,7,Needs
Actions,morning,6,0.83,3,Actions
People,afternoon,12,0.72,6,People
Objects,morning,8,0.49,6,Needs
Actions,evening,11,0.64,10,Objects
Actions,morning,7,0.79,2,Actions
Actions,afternoon,7,0.8,4,Places
Needs,night,3,0.19,6,Needs
People,night,7,0.01,7,Needs
People,morning,5,0.37,1,People
Feelings,evening,11,0.95,9,Objects
Feelings,morning,10,0.98,10,Objects
Feelings,evening,1,0.03,3,Needs
People,evening,7,0.24,1,People
Needs,afternoon,2,0.09,2,Needs
Places,night,9,0.42,10,Objects
People,night,3,0.31,6,People
People,afternoon,12,0.35,4,People
Objects,morning,2,0.63,1,Needs
Places,evening,4,0.81,5,People
Places,evening,11,0.96,6,People
Needs,night,2,0.32,6,Actions
Actions,night,2,0.05,10,Objects
Objects,morning,2,0.97,1,Actions
Actions,evening,12,0.55,6,People
Objects,afternoon,9,0.27,2,Places
Places,evening,4,0.69,10,Objects
Needs,night,9,0.26,2,Feelings
Feelings,night,11,0,7,Needs
Actions,morning,2,0.64,4,Actions
Actions,night,2,0.77,3,Actions
Needs,evening,12,0.09,1,Needs
Needs,night,7,0.04,4,Needs
Objects,afternoon,9,0.7,3,Places
People,morning,7,0.84,8,Objects
People,afternoon,9,1,6,People
People,night,2,0.09,7,Needs
Objects,evening,9,0.4,4,People
Feelings,night,5,0.95,2,Actions
People,evening,10,0.8,2,Actions
Actions,evening,11,0.86,10,Objects
Objects,morning,10,0.5,4,Needs
Objects,afternoon,6,0.22,8,Objects
Feelings,evening,1,0.96,3,Actions
Objects,evening,10,0.19,4,Needs
People,night,2,0.45,8,Objects
Needs,morning,8,0.42,7,Actions
Needs,night,4,0.36,1,Actions
Actions,morning,3,0.74,5,Actions
Actions,evening,9,0.4,9,Objects
People,morning,8,0.8,9,Objects
People,evening,11,0.91,10,Objects
Objects,evening,11,0.24,9,Objects
Actions,night,5,0.84,2,Actions
People,evening,1,0.32,4,People
Needs,morning,4,0.6,9,Objects
Feelings,afternoon,3,0.32,7,Places
Feelings,afternoon,1,0.04,1,Needs
Objects,evening,5,0.49,1,People
Feelings,night,1,0.49,1,Needs
Places,evening,9,0.14,8,Objects
Objects,night,10,0.46,2,Feelings
People,evening,11,0.68,4,People
People,evening,1,0.82,10,Objects
People,afternoon,7,0.29,10,Objects
Objects,afternoon,12,0.1,9,Objects
Feelings,night,2,0.82,7,Needs
Objects,evening,7,0.55,10,Objects
Needs,night,4,0.13,2,Needs
Objects,night,1,0.18,2,Needs
Actions,night,3,0.8,1,Actions
Feelings,evening,3,0.83,2,Actions
Places,night,6,0.23,3,Needs
Objects,night,2,0.63,3,Needs
Actions,afternoon,4,0.63,6,Places
Objects,night,11,0.46,1,Feelings
Places,night,12,0.54,10,Objects
People,morning,5,0.18,5,Needs
Places,evening,1,0.75,5,People
Objects,afternoon,12,0.83,5,Places
Places,morning,5,0.93,7,Needs
People,afternoon,5,0.44,3,People
Needs,night,7,0.11,10,Objects
Objects,afternoon,6,0.64,3,Places
Objects,morning,2,0.87,7,Needs
Places,morning,10,0.85,9,Objects
Actions,evening,12,0.08,3,Needs
Places,morning,6,0.11,5,Needs
People,evening,6,0.23,2,People
Needs,night,10,0.52,8,Objects
Feelings,evening,11,0.41,9,Objects
Needs,morning,8,0.3,2,Actions
Objects,afternoon,6,0.42,9,Objects
Places,evening,7,0.01,1,Needs
Places,afternoon,2,0.99,8,Objects
Places,afternoon,6,0.76,9,Objects
People,night,2,0.74,6,People
Actions,morning,4,0.56,6,Actions
Needs,afternoon,1,0.62,2,Places
Feelings,night,7,0.37,3,Needs
Needs,morning,12,0.36,6,Actions
Objects,morning,2,0.18,4,Needs
Feelings,evening,6,0.89,1,Actions
Places,morning,5,0.58,10,Objects
Actions,morning,11,0.93,3,Actions
Feelings,night,3,0.97,1,Actions
Needs,evening,9,0.92,4,People
Feelings,morning,5,0.25,7,Needs
People,morning,6,0.39,9,Objects
People,morning,9,0.31,9,Objects
Places,morning,8,0.64,3,Needs
Actions,evening,4,0.76,8,Objects
Needs,night,7,0.19,6,Needs
Objects,evening,1,0.22,2,People
Feelings,afternoon,9,0.95,3,Actions
Objects,night,12,0.79,9,Objects
Objects,afternoon,1,0.16,7,Needs
Needs,afternoon,7,0.14,6,Needs
Actions,evening,3,0.97,10,Objects
Actions,evening,5,0.06,8,Objects
Actions,morning,10,0.06,5,Needs
Actions,morning,3,0.52,8,Objects
Actions,morning,6,0.31,9,Objects
Places,morning,5,0.68,2,Needs
Needs,morning,10,0.61,3,Actions
Needs,evening,11,0.14,1,Needs
Feelings,night,4,0.07,3,Needs
People,evening,11,0.69,10,Objects
Needs,night,7,0.6,9,Objects
Objects,afternoon,12,0.54,3,Places
People,afternoon,1,0.43,2,People
Objects,morning,7,0.62,8,Objects
Objects,afternoon,3,0.63,5,Places
Objects,evening,9,0.87,3,Actions
Feelings,afternoon,6,0.08,7,Needs
Objects,afternoon,8,0.51,5,Places
Feelings,evening,8,0.31,3,People
People,morning,12,0.86,7,People
Objects,afternoon,6,0.07,1,Needs
Feelings,afternoon,4,0.23,7,Places
People,afternoon,6,0.65,5,People
Places,night,10,0.45,4,Feelings
Places,afternoon,11,0.19,7,Needs
Actions,evening,6,0.24,9,Objects
Needs,afternoon,7,0.09,5,Needs
Places,afternoon,10,0.08,2,Needs
Actions,evening,11,0.38,5,People
People,afternoon,6,0.24,9,Objects
Objects,afternoon,3,0.88,2,Actions
Objects,evening,9,0.91,10,Objects
People,evening,1,0.29,10,Objects
Feelings,evening,9,0.4,7,People
Actions,night,7,0.16,8,Objects
Feelings,evening,5,0.18,10,Objects
Needs,morning,7,0.48,9,Objects
Feelings,morning,8,0.46,6,Needs
Objects,afternoon,9,0.57,8,Objects
Actions,morning,11,0.55,10,Objects
Feelings,night,3,0.87,7,Needs
Feelings,evening,10,0.51,1,People
Needs,evening,6,0.17,7,Needs
Needs,evening,11,0.95,10,Objects
Places,night,10,0.9,3,Feelings
Feelings,night,5,0.15,10,Objects
Actions,morning,5,0.92,8,Objects
Feelings,afternoon,12,0.85,10,Objects
Places,evening,8,0.33,2,People
People,afternoon,7,0.79,7,People
Objects,evening,4,0.99,10,Objects
People,morning,5,0.84,3,Actions
People,night,9,0.92,3,Feelings
Feelings,night,2,0.6,10,Objects
Objects,afternoon,1,0.73,9,Objects
Needs,afternoon,8,0.8,7,Places
Objects,morning,10,0.04,5,Needs
Places,morning,1,0.39,8,Objects
Actions,morning,8,0.66,6,Actions
Feelings,morning,7,0.9,8,Objects
Objects,afternoon,5,0.42,4,Places
Objects,afternoon,10,0.73,10,Objects
People,night,12,0.19,1,Needs
Places,evening,5,0.76,7,People
Actions,morning,1,0.57,4,Actions
People,evening,12,0.73,3,People
Objects,morning,6,0.68,1,Needs
Feelings,evening,2,0.37,9,Objects
Objects,morning,2,0.64,10,Objects
Objects,afternoon,5,0.15,2,Needs
Feelings,afternoon,11,0.06,3,Needs
Places,night,5,0.38,5,Needs
Feelings,night,8,0.49,7,Feelings
Places,morning,6,0.6,5,Needs
Objects,afternoon,2,0.48,9,Objects
People,night,6,0.23,5,People
Feelings,night,2,0.31,7,Needs
Actions,evening,3,0.9,10,Objects
Objects,morning,1,0.18,7,Needs
Needs,afternoon,4,0.03,9,Objects
Feelings,morning,8,0.84,1,Actions
Places,night,10,0.6,1,Feelings
Objects,morning,2,0.32,10,Objects
Objects,evening,9,0.25,1,People
Places,evening,3,0.91,4,People
People,morning,12,0.15,8,Objects
People,evening,2,0.07,6,Needs
Actions,morning,2,0.99,9,Objects
People,night,1,0.35,4,People
Feelings,morning,5,0.54,7,Needs
People,evening,3,0.78,4,People
People,afternoon,5,0.87,4,People
Places,night,12,0.5,3,Feelings
People,afternoon,8,0.49,7,People
Actions,morning,6,0.94,6,Actions
Feelings,night,3,0.01,1,Needs
Needs,evening,7,0.6,9,Objects
Places,night,11,0.19,3,Needs
Places,evening,9,0.78,1,Actions
People,afternoon,3,0.5,5,People
Needs,evening,11,0.2,4,People
Actions,night,11,0.97,10,Objects
Actions,afternoon,3,0.52,9,Objects
People,afternoon,6,0.72,5,People
Actions,evening,7,0.21,8,Objects
Objects,afternoon,2,0.44,1,Places
People,night,9,0.02,9,Objects
Actions,morning,4,0.43,5,Actions
Needs,evening,6,0,6,Needs
Feelings,evening,4,0.35,7,People
Needs,morning,8,0.56,3,Actions
Needs,afternoon,6,0.93,6,Places
People,morning,9,0.4,3,People
Feelings,morning,8,0.34,9,Objects
Feelings,afternoon,2,0.97,10,Objects
Objects,night,2,0.88,6,Needs
Actions,afternoon,1,0.06,6,Needs
Objects,evening,9,0.08,10,Objects
People,night,11,0.43,10,Objects
Needs,night,9,0.6,5,Feelings
Needs,afternoon,10,0.76,6,Places
Feelings,morning,9,0.78,3,Actions
Feelings,afternoon,9,0.39,9,Objects
Places,night,6,0.96,3,Actions
Places,evening,8,0.36,10,Objects
Places,afternoon,12,0.67,2,Places
People,evening,5,0.64,3,People
Needs,afternoon,8,0.26,8,Objects
Actions,night,6,0.79,2,Actions
Needs,night,6,0.51,6,Actions
Feelings,night,5,0.31,4,Needs
Places,afternoon,10,0.38,5,Places
Objects,afternoon,1,0.48,6,Places
Needs,evening,7,0.94,9,Objects
Objects,morning,1,0.73,2,Needs
People,evening,3,0.6,10,Objects
Places,evening,10,0.91,2,Actions
Actions,afternoon,11,0.35,1,Places
Places,night,4,0.69,2,Needs
Objects,evening,3,0.36,6,People
Needs,night,8,0.36,3,Feelings
Objects,afternoon,9,0.29,10,Objects
Actions,night,4,0.88,7,Actions
Places,evening,5,0.65,1,People
Objects,evening,5,0.16,5,Needs
Feelings,morning,5,0.46,6,Needs
Actions,night,5,0.35,8,Objects
Needs,afternoon,1,0.98,7,Places
Actions,evening,8,0.12,6,Needs
Places,afternoon,12,0.32,3,Places
People,evening,2,0.21,7,People
Places,evening,2,0.27,1,People
Needs,night,8,0.68,9,Objects
Needs,afternoon,7,0.34,2,Places
People,afternoon,2,0.94,3,Actions
Feelings,afternoon,9,0.25,6,Places
Needs,evening,4,0.29,9,Objects
People,morning,3,0.64,10,Objects
Places,morning,11,0.35,9,Objects
Needs,afternoon,7,0.16,8,Objects
Actions,afternoon,8,0.13,3,Needs
Places,evening,10,0.1,7,Needs
Places,evening,3,0.37,2,People
Actions,morning,1,0.71,7,Actions
Actions,night,4,0.54,8,Objects
Needs,evening,4,0.58,5,People
Objects,morning,9,0.63,9,Objects
Actions,night,10,0.98,7,Feelings
Needs,evening,7,0.04,6,Needs
Objects,afternoon,7,0.27,3,Places
Objects,night,7,0.43,8,Objects
Actions,evening,7,0.4,6,People
Needs,morning,8,0.87,5,Actions
Objects,evening,1,0.06,6,Needs
Feelings,morning,9,0.64,9,Objects
Objects,night,4,0.97,1,Actions
Feelings,afternoon,5,0.94,6,Places
Feelings,evening,4,0.27,1,People
Needs,night,9,0.13,6,Needs
Needs,night,12,0.62,3,Feelings
Objects,night,6,0.4,10,Objects
Needs,afternoon,3,0.07,10,Objects
People,afternoon,7,0.1,10,Objects
Actions,afternoon,10,0.42,8,Objects
Feelings,evening,10,0.53,5,People
Needs,afternoon,12,0.64,8,Objects
Actions,night,9,0,5,Needs
People,morning,11,0.52,4,People
People,morning,5,0.8,5,People
People,morning,5,0.58,5,People
Feelings,morning,11,0.2,1,Needs
Places,morning,12,0.87,5,Needs
Needs,evening,5,0.24,9,Objects
Actions,night,8,0.61,1,Feelings
Feelings,evening,8,0.39,5,People
Objects,morning,12,0.46,6,Needs
Objects,evening,8,0.95,9,Objects
Actions,afternoon,2,0.94,9,Objects
People,afternoon,1,0.74,10,Objects
Objects,evening,8,0.23,7,People
Places,afternoon,3,0.02,7,Needs
Needs,afternoon,10,0.7,2,Places
Actions,night,1,0.55,3,Actions
Actions,evening,4,0.44,9,Objects
Actions,night,2,0.87,6,Actions
Places,night,8,0.3,5,Feelings
Feelings,morning,9,0.19,2,Needs
People,night,3,0.36,3,People
Objects,night,4,0.85,10,Objects
Places,evening,8,0.89,3,Actions
Actions,evening,4,0.22,3,People
Objects,night,10,0.87,3,Feelings
People,morning,10,0.59,8,Objects
Feelings,night,1,0.28,9,Objects
Needs,night,7,0.48,6,Actions
Places,night,6,0.83,2,Actions
People,evening,3,0.78,3,Actions
Actions,night,5,0.38,8,Objects
Needs,afternoon,10,0.89,1,Actions
Actions,afternoon,2,0.07,4,Needs
Places,morning,3,0.16,7,Needs
People,afternoon,8,0.71,8,Objects
Needs,evening,3,0.42,2,People
Feelings,evening,9,0.41,5,People
Places,night,10,0.29,3,Feelings
Objects,night,11,0.54,7,Feelings
Actions,evening,10,1,2,Actions
Feelings,night,7,0.24,7,Needs
Objects,night,12,0.58,8,Objects
Feelings,evening,4,0.62,5,People
Objects,afternoon,5,0.28,6,Places
Feelings,morning,3,0.3,8,Objects
People,evening,7,0.21,4,People
Actions,evening,2,0.31,10,Objects
People,night,9,0.14,5,Needs
People,morning,4,0.27,8,Objects
Objects,night,3,0.68,7,Needs
Places,morning,3,0.74,8,Objects
Objects,afternoon,3,0.57,1,Places
Actions,night,9,0.34,9,Objects
Needs,morning,12,0.74,5,Actions
Feelings,evening,4,0.76,6,People
Actions,afternoon,6,0.15,3,Needs
Places,evening,5,0.87,1,Actions
Places,evening,12,0.49,1,People
Needs,morning,6,0.06,1,Needs
Objects,evening,7,0.12,3,Needs
Actions,afternoon,2,0.61,8,Objects
People,night,2,0.23,2,People
People,morning,10,0.85,10,Objects
Places,evening,5,0.84,1,Actions
Objects,afternoon,6,0.33,4,Places
Objects,morning,10,0.33,10,Objects
Places,afternoon,10,0.9,8,Objects
Needs,night,12,0,7,Needs
Objects,afternoon,7,0.94,5,Places
Needs,night,1,0.2,6,Actions
People,evening,12,0.43,1,People
Feelings,night,2,0.09,7,Needs
Actions,afternoon,7,0.69,8,Objects
Needs,evening,12,0.38,10,Objects
Objects,evening,11,0.41,4,People
Objects,afternoon,3,0.23,10,Objects
Feelings,afternoon,6,0.84,6,Places
Places,morning,6,0.81,4,Needs
Places,night,1,0.68,7,Needs
Objects,morning,2,0.03,2,Needs
Actions,afternoon,7,0.48,7,Places
Places,morning,9,0.92,1,Actions
People,afternoon,12,0.94,3,Actions
People,afternoon,12,0.51,10,Objects
Places,evening,4,0.01,6,Needs
Actions,evening,3,0.21,6,People
People,night,12,0.33,7,Feelings
Needs,evening,11,0.58,10,Objects
Needs,afternoon,12,0.36,9,Objects
Needs,morning,2,0.3,4,Actions
Feelings,evening,7,0.19,4,Needs
Places,morning,2,0.62,6,Needs
Actions,night,7,0.14,6,Needs
People,morning,5,0.88,8,Objects
People,evening,1,0.67,9,Objects
Feelings,afternoon,12,0.14,5,Needs
Actions,afternoon,4,0.38,4,Places
People,evening,1,0.24,10,Objects
Objects,afternoon,4,0.04,7,Needs
Needs,morning,3,0.38,10,Objects
Actions,afternoon,10,0.88,3,Actions
Objects,morning,8,0.94,3,Actions
Needs,evening,1,0.66,1,People
People,afternoon,9,0.08,4,Needs
Objects,afternoon,12,0.9,8,Objects
People,morning,4,0.95,4,People
People,evening,7,0.6,5,People
Feelings,evening,11,0.43,10,Objects
Objects,night,1,0.92,3,Actions
Needs,evening,10,0.47,5,People
Places,evening,3,0.6,8,Objects
Places,morning,5,0.89,9,Objects
Places,evening,3,0.35,7,People
Places,afternoon,1,0.4,3,Places
Objects,morning,7,0.49,10,Objects
Feelings,afternoon,11,0.06,9,Objects
Places,evening,5,0.59,9,Objects
Actions,night,12,0.87,8,Objects
People,afternoon,6,0.12,4,Needs
Actions,evening,1,0.15,8,Objects
Needs,night,1,0.47,1,Actions
Needs,evening,11,0.44,6,People
People,afternoon,3,0.33,4,People
Feelings,night,5,0.41,8,Objects
Objects,afternoon,12,0.47,9,Objects
People,morning,8,0.93,10,Objects
People,evening,11,0.67,4,People
Feelings,night,7,0.42,10,Objects
Feelings,evening,1,0.77,10,Objects
Actions,evening,5,0.71,1,People
Places,afternoon,9,0.33,2,Places
Objects,evening,6,0.41,4,People
Objects,night,11,0.4,2,Feelings
Actions,morning,1,0.77,4,Actions
Places,night,6,0.63,9,Objects
Actions,afternoon,1,0.58,2,Places
Places,evening,7,0.24,6,People
People,night,12,0.72,6,Feelings
Places,night,9,0.65,2,Feelings
Needs,afternoon,11,0.6,2,Places
Feelings,afternoon,8,0.61,5,Places
Feelings,morning,4,0.53,2,Needs
Objects,morning,4,0.52,5,Needs
Feelings,morning,1,0.33,8,Objects
Actions,afternoon,11,0.95,2,Actions
Actions,night,12,0.75,6,Feelings
Objects,night,1,0.25,6,Needs
Places,night,4,0.21,3,Needs
Feelings,night,3,0.93,1,Actions
Feelings,morning,8,0.43,7,Needs
Feelings,night,7,0.55,2,Needs
Objects,night,12,0.96,2,Feelings
People,afternoon,10,0.91,6,People
Objects,morning,10,0.57,4,Needs
Feelings,afternoon,5,0.71,10,Objects
Actions,afternoon,3,0.99,9,Objects
Objects,morning,11,0.53,3,Needs
Places,night,9,0.38,5,Feelings
Places,afternoon,9,0.93,1,Actions
People,morning,12,0.72,6,People
Objects,night,6,0.45,4,Needs
People,morning,8,0.41,5,People
Actions,afternoon,3,0.83,2,Actions
Objects,afternoon,6,0.06,9,Objects
Objects,night,4,0.77,2,Actions
People,night,11,0.29,3,Feelings
Actions,afternoon,5,0.89,10,Objects
Feelings,afternoon,8,0.3,8,Objects
Actions,morning,1,0.81,6,Actions
People,morning,10,0.44,1,People
Actions,night,7,0.55,10,Objects
People,night,12,0.25,6,Feelings
Objects,afternoon,6,0.93,3,Actions
Feelings,morning,2,0.08,10,Objects
Places,morning,9,0.91,7,Needs
Objects,evening,3,0.98,2,Actions
Feelings,evening,11,0.54,8,Objects
Needs,afternoon,8,0.32,10,Objects
Objects,afternoon,8,0.6,10,Objects
Actions,morning,7,0.97,5,Actions
Places,evening,12,0.12,4,Needs
Places,morning,1,0.1,2,Needs
Actions,afternoon,10,0.68,10,Objects
Places,afternoon,3,0.93,5,Places
Actions,afternoon,12,0.88,1,Actions
Actions,afternoon,6,0.87,3,Actions
People,morning,2,0.99,4,People
Feelings,night,11,0.09,5,Needs
Places,morning,6,0.01,2,Needs
People,evening,6,0.11,6,Needs
People,morning,12,0.83,6,People
Feelings,afternoon,10,0.92,9,Objects
Actions,night,3,0.5,6,Actions
Actions,evening,1,0.17,6,Needs
Needs,night,4,0.58,6,Actions
Needs,evening,10,0.92,10,Objects
Actions,evening,5,0.42,8,Objects
Needs,night,1,0.08,7,Needs
Actions,morning,2,0.68,10,Objects
Needs,afternoon,12,0.35,4,Places
Actions,night,10,0.89,1,Feelings
People,night,12,0.2,8,Objects
Needs,evening,5,0.66,2,People
People,evening,8,0.42,10,Objects
Actions,afternoon,10,0.77,4,Places
Needs,morning,6,0.83,10,Objects
People,afternoon,5,0.83,1,Actions
Feelings,evening,10,0.12,6,Needs
Objects,afternoon,9,0.97,4,Places
Feelings,night,5,0.35,2,Needs
Needs,afternoon,10,0.18,7,Needs
Feelings,morning,10,0.87,10,Objects
Needs,night,3,0.23,3,Actions
Needs,night,8,0.28,4,Feelings
Places,afternoon,7,0.97,6,Places
Feelings,night,7,0.43,10,Objects
Actions,morning,12,0.05,5,Needs
People,evening,1,0.01,9,Objects
People,afternoon,6,0.7,6,People
Needs,night,9,0.51,4,Feelings
Feelings,afternoon,8,0.14,6,Needs
People,afternoon,2,0.03,6,Needs
Feelings,night,5,0.85,8,Objects
Places,morning,1,0.43,10,Objects
Places,afternoon,6,0.36,7,Places
Feelings,afternoon,5,0,1,Needs
Places,afternoon,9,0.09,6,Needs
Feelings,night,1,0.07,5,Needs
Feelings,afternoon,6,0.78,8,Objects
Places,afternoon,3,0.89,2,Actions
Objects,night,3,0.27,1,Needs
Actions,evening,1,0.7,10,Objects
Places,afternoon,6,0.75,2,Places
People,night,8,0.51,8,Objects
Actions,morning,4,1,6,Actions
Objects,night,2,0.75,5,Needs
People,evening,4,0.91,8,Objects
Actions,afternoon,8,0.57,5,Places
Needs,morning,5,1,10,Objects
Needs,night,5,0.6,7,Actions
Objects,evening,6,0.57,7,People
Needs,night,8,0.84,2,Feelings
Objects,afternoon,2,0.65,1,Places
Actions,night,7,0.55,1,Actions
Objects,night,3,0.15,4,Needs
Objects,night,9,0.73,9,Objects
Objects,night,7,0.1,1,Needs
Feelings,evening,9,0.59,5,People
People,morning,8,0.55,8,Objects
Needs,night,6,0.22,3,Actions
People,morning,1,0,1,Needs
Objects,evening,8,0.89,3,Actions
Places,evening,6,0.97,3,Actions
Objects,night,6,0.43,7,Needs
Feelings,morning,2,0.95,7,Needs
Feelings,morning,7,0.23,5,Needs
People,night,7,0.32,5,People
People,night,10,0.27,4,Feelings
Feelings,evening,4,0.3,6,People
Places,evening,7,0.54,2,People
Actions,evening,1,0.49,4,People
Actions,afternoon,2,0.61,2,Places
Needs,evening,5,0.07,3,Needs
Feelings,afternoon,2,0.51,7,Places
Objects,morning,10,0.87,1,Actions
Actions,morning,2,0.67,3,Actions
Objects,night,10,0.25,2,Feelings
Actions,evening,11,0.46,3,People
People,afternoon,2,0.31,5,People
Feelings,morning,2,0.59,4,Needs
Feelings,morning,3,0.7,3,Needs
Objects,afternoon,4,0.85,3,Actions
Places,afternoon,4,0.31,6,Places
People,afternoon,2,0.76,10,Objects
Places,evening,4,0.46,7,People
Objects,evening,3,0.52,9,Objects
Objects,evening,2,0.26,1,People
Actions,morning,8,0.78,3,Actions
Objects,evening,3,0.4,6,People
Needs,afternoon,12,0.15,10,Objects
Actions,morning,1,0.83,5,Actions
Objects,night,7,0.78,5,Needs
People,afternoon,6,0.93,10,Objects
Actions,night,11,0.46,3,Feelings
Needs,evening,7,0.85,4,People
Objects,morning,1,0.95,5,Needs
Actions,evening,10,0.9,1,Actions
Places,afternoon,8,0.33,9,Objects
Feelings,morning,4,0.68,5,Needs
Places,night,6,0.41,10,Objects
Feelings,evening,3,0.87,4,People
Feelings,night,4,0.96,6,Needs
Actions,night,3,0.94,10,Objects
Needs,morning,12,0.59,1,Actions
Needs,evening,11,0.35,7,People
Needs,evening,6,0.54,9,Objects
Actions,afternoon,9,0.54,8,Objects
Actions,evening,12,0.75,1,People
Feelings,morning,12,0.09,10,Objects
Places,morning,10,0.99,6,Needs
Actions,night,11,0.94,6,Feelings
Feelings,afternoon,7,0.59,6,Places
Places,morning,11,0.01,8,Objects
Places,evening,8,0.77,6,People
Objects,morning,5,0.4,7,Needs
Needs,night,2,0.16,4,Needs
People,night,8,0.62,1,Feelings
Feelings,night,3,0.76,10,Objects
Needs,afternoon,8,0.74,5,Places
Needs,evening,6,0.51,1,People
Objects,morning,1,0.28,7,Needs
Objects,night,12,0.04,3,Needs
Actions,morning,3,0.81,9,Objects
Places,morning,9,0.45,6,Needs
Actions,evening,12,0.26,8,Objects
Feelings,afternoon,1,0.84,3,Actions
People,evening,5,0.05,7,Needs
Objects,night,5,0.31,3,Needs
Places,evening,10,0.28,2,People
Places,afternoon,1,0.14,5,Needs
Feelings,evening,12,0.2,3,People
Actions,afternoon,4,0.83,3,Actions
Places,night,11,0.49,1,Feelings
Places,morning,1,0.44,4,Needs
Places,night,7,0.23,7,Needs
Places,night,2,0.77,7,Needs
Objects,morning,10,0.63,2,Needs
Places,evening,6,0.63,2,People
Actions,morning,1,0.51,8,Objects
Places,evening,1,0.03,1,Needs
Objects,night,5,0.47,6,Needs
Places,afternoon,11,0.97,2,Actions
Needs,afternoon,11,0.14,9,Objects
Actions,night,7,0.01,4,Needs
Places,morning,10,0.52,6,Needs
Needs,afternoon,12,0.38,4,Places
Feelings,evening,2,0.73,7,People
Places,evening,7,0.55,2,People
Actions,evening,5,0.1,7,Needs
Needs,morning,6,0.78,9,Objects
Objects,evening,7,0.53,5,People
Feelings,night,4,0.25,3,Needs
Actions,night,3,0.91,8,Objects
Places,night,5,0.06,7,Needs
Actions,morning,11,0.4,2,Actions
People,evening,5,0.1,1,Needs
Actions,morning,4,0.32,9,Objects
Objects,afternoon,2,1,7,Places
People,night,6,0.94,8,Objects
Places,morning,1,0.42,10,Objects
Objects,morning,10,0.42,9,Objects
People,morning,1,0.84,1,Actions
Objects,morning,12,0.2,8,Objects
Needs,morning,3,0.4,10,Objects
Actions,afternoon,5,0.81,2,Actions
People,evening,2,0.78,4,People
Objects,evening,7,0.97,1,Actions
Places,evening,8,0.37,9,Objects
Needs,morning,6,0.07,2,Needs
People,morning,7,0.38,8,Objects
Objects,morning,6,0.62,2,Needs
Places,morning,2,0.52,2,Needs
Needs,night,3,0.53,3,Actions
People,morning,3,0.56,10,Objects
People,morning,3,0.46,9,Objects
Actions,night,10,0.68,8,Objects
Feelings,morning,3,0.16,10,Objects
Needs,afternoon,8,0.84,6,Places
Needs,night,7,0.63,1,Actions
Actions,morning,9,0.04,7,Needs
Actions,morning,7,0.51,10,Objects
Actions,evening,2,0.64,5,People
People,night,1,0.14,10,Objects
Needs,morning,6,0.79,8,Objects
Objects,evening,1,0.91,4,People
Actions,night,5,0.08,4,Needs
Objects,afternoon,10,0.74,7,Places
Needs,afternoon,8,0.35,5,Places
Actions,morning,12,0.92,9,Objects
Places,morning,6,0.85,8,Objects
Actions,morning,11,0.03,4,Needs
Needs,morning,11,0.13,9,Objects
Places,morning,6,0.21,3,Needs
Actions,afternoon,5,0.16,2,Needs
Places,afternoon,2,0.14,5,Needs
Objects,night,1,0.88,1,Actions
Needs,afternoon,12,0.99,4,Places
Actions,evening,1,0.59,2,People
Feelings,night,3,0.2,6,Needs
Feelings,morning,4,0.18,6,Needs
Needs,night,6,0.13,7,Needs
Places,evening,5,0.26,10,Objects
Needs,afternoon,11,0.89,5,Places
Objects,afternoon,1,0.32,7,Places
Objects,evening,11,0.83,6,People
Actions,afternoon,2,0.33,3,Places
Actions,evening,9,0.18,2,Needs
Needs,night,3,0.67,3,Actions
People,morning,2,0.55,8,Objects
People,afternoon,12,0.06,7,Needs
Places,afternoon,8,0.19,6,Needs
People,night,6,0.06,1,Needs
Needs,afternoon,2,0.93,9,Objects
People,night,9,0.2,3,Feelings
Places,night,4,0.3,10,Objects
Feelings,evening,2,0.08,5,Needs
Places,night,6,0.72,4,Needs
Actions,night,1,0.22,6,Actions
Needs,afternoon,8,0.07,1,Needs
Feelings,evening,7,0.89,1,Actions
People,evening,6,0.43,10,Objects
Feelings,morning,3,0.78,9,Objects
Feelings,afternoon,7,0.88,6,Places
Actions,night,2,0.25,2,Actions
Feelings,afternoon,6,0.11,4,Needs
Needs,afternoon,6,0.76,2,Actions
Feelings,evening,2,0.93,4,People
Actions,evening,5,0.23,10,Objects
Actions,evening,1,0.27,10,Objects
Places,evening,4,0.02,6,Needs
Feelings,evening,8,0.57,9,Objects
Needs,morning,7,0.23,10,Objects
Places,morning,12,0.98,5,Needs
Places,evening,6,0.19,6,Needs
Needs,morning,2,0.63,7,Actions
People,morning,11,0.91,5,People
Actions,morning,4,0.54,6,Actions
People,afternoon,10,0.55,8,Objects
Feelings,night,11,0.55,2,Feelings
Feelings,evening,5,0.14,1,Needs
Places,night,10,0.39,10,Objects
People,night,12,0.52,7,Feelings
Objects,afternoon,6,0.34,1,Places
Actions,afternoon,10,0.08,3,Needs
Needs,afternoon,3,0.07,7,Needs
People,afternoon,7,0.85,1,Actions
Objects,night,12,0,9,Objects
Needs,afternoon,4,0.12,1,Needs
People,morning,5,0.61,8,Objects
Objects,night,10,0.83,8,Objects
Actions,evening,7,0.38,1,People
Places,night,3,0.64,6,Needs
Places,afternoon,5,0.85,10,Objects
Actions,night,12,0.07,5,Needs
Actions,afternoon,10,0.37,3,Places
People,afternoon,11,0.88,6,People
Feelings,morning,5,0.72,6,Needs
Feelings,night,9,0.87,6,Feelings
People,morning,3,0.73,1,People
Feelings,evening,2,0.33,2,People
Feelings,evening,7,0.02,1,Needs
Needs,night,6,0.62,1,Actions
Actions,evening,7,0.28,7,People
Actions,afternoon,12,0.44,6,Places
Objects,evening,2,0.9,1,Actions
Objects,evening,4,0.75,5,People
Places,evening,12,0.35,7,People
Feelings,afternoon,5,0.55,5,Places
Needs,evening,7,0.85,10,Objects
People,night,4,0.63,3,People
Feelings,evening,1,0.23,5,People
Objects,morning,10,0.52,5,Needs
People,evening,8,0.04,3,Needs
People,afternoon,6,0.01,6,Needs
Objects,night,11,0.13,4,Needs
Needs,afternoon,7,0.69,6,Places
Needs,afternoon,8,0.18,6,Needs
Feelings,afternoon,11,0.91,4,Places
Objects,evening,7,0.58,9,Objects
Objects,morning,4,0.63,1,Needs
Places,afternoon,5,0.07,5,Needs
Actions,night,9,0.94,10,Objects
Places,afternoon,9,0.15,1,Needs
Actions,night,10,0.47,10,Objects
People,morning,5,0,6,Needs
People,morning,11,0.34,9,Objects
Needs,evening,4,0.95,5,People
Objects,morning,3,0.42,5,Needs
Places,morning,9,0.83,1,Actions
Feelings,evening,9,0.77,6,People
Actions,evening,12,0.03,7,Needs
Places,morning,5,0.37,5,Needs
Feelings,evening,1,0.12,6,Needs
Places,afternoon,10,0.25,4,Places
Places,afternoon,4,0.49,9,Objects
Objects,afternoon,6,0.4,8,Objects
Actions,morning,4,0.5,9,Objects
Needs,afternoon,12,0.56,3,Places
Actions,morning,10,0.43,1,Actions
Needs,night,5,0.17,2,Needs
People,evening,7,0.76,9,Objects
People,afternoon,1,0.65,10,Objects
Places,afternoon,10,0.35,5,Places
People,evening,8,0.42,9,Objects
Feelings,morning,12,0.41,3,Needs
Places,night,8,0.82,7,Feelings
Actions,morning,11,0.5,4,Actions
Actions,evening,8,0.86,9,Objects
Objects,morning,10,0.22,10,Objects
Needs,afternoon,3,0.83,1,Actions
Feelings,evening,4,0.51,9,Objects
Needs,afternoon,9,0.39,10,Objects
Actions,night,9,0.73,3,Feelings
People,evening,4,0.64,9,Objects
Objects,night,7,0.18,3,Needs
Needs,night,2,0.79,9,Objects
Feelings,morning,3,0.9,3,Actions
Needs,evening,11,0.49,9,Objects
Actions,afternoon,1,0.05,1,Needs
Needs,afternoon,7,0.48,5,Places
Feelings,morning,11,0.11,3,Needs
Objects,night,5,0.01,5,Needs
People,night,6,0.11,4,Needs
Feelings,morning,11,0.38,8,Objects
Needs,morning,3,0.96,9,Objects
Actions,night,1,0.26,6,Actions
Needs,morning,5,0.79,5,Actions
People,night,6,0.42,6,People
Places,morning,6,0.93,7,Needs
People,night,11,0.7,8,Objects
Objects,night,5,0.66,6,Needs
People,night,12,0.14,3,Needs
Needs,evening,9,0.4,8,Objects
Actions,night,8,0.38,3,Feelings
Feelings,night,6,0.96,3,Actions
Actions,afternoon,2,0.94,6,Places
Needs,evening,10,0.3,5,People
Places,night,11,0.09,1,Needs
Feelings,evening,7,0.24,8,Objects
People,afternoon,12,0.84,9,Objects
Feelings,morning,2,0.06,8,Objects
Places,night,11,0.2,8,Objects
Feelings,morning,5,0.68,4,Needs
Actions,afternoon,9,0.59,4,Places
Places,morning,5,0.8,4,Needs
Needs,evening,7,0.58,8,Objects
People,evening,7,0.02,6,Needs
Feelings,evening,8,0.79,6,People
People,night,8,0.76,9,Objects
Objects,afternoon,9,0.65,1,Places
Places,evening,3,0.86,2,Actions
People,afternoon,10,0.25,3,People
People,evening,5,0.57,5,People
People,afternoon,7,0.21,10,Objects
Objects,morning,12,0.92,7,Needs
Actions,morning,4,0.94,5,Actions
Feelings,afternoon,12,0.79,7,Places
Objects,afternoon,12,0.83,5,Places
Needs,morning,9,0.86,6,Actions
Objects,morning,1,0.15,9,Objects
Places,evening,3,0.3,5,People
Feelings,afternoon,12,0.77,8,Objects
People,night,12,0.56,8,Objects
People,morning,5,0.11,2,Needs
Objects,afternoon,1,0.9,10,Objects
Places,afternoon,10,0.54,10,Objects
Needs,night,5,0.14,5,Needs
Needs,night,2,0.7,1,Actions
Objects,evening,2,0.54,9,Objects
Needs,evening,2,0.2,10,Objects
Objects,afternoon,7,0.12,8,Objects
Actions,afternoon,3,0.54,3,Places
Feelings,afternoon,8,0.81,1,Actions
Feelings,afternoon,4,1,8,Objects
Feelings,night,9,0.4,6,Feelings
Feelings,evening,9,0.54,7,People
Actions,evening,11,0.64,8,Objects
Needs,afternoon,1,0.12,2,Needs
Needs,morning,3,0.16,9,Objects
Feelings,evening,2,0.65,1,People
Objects,afternoon,7,0.49,1,Places
Objects,morning,12,0.92,8,Objects
Actions,evening,2,0.46,9,Objects
People,evening,3,0.02,5,Needs
Needs,afternoon,10,0.2,5,Places
Needs,afternoon,1,1,4,Places
Actions,night,11,0.88,10,Objects
Actions,morning,8,0.34,4,Actions
People,afternoon,7,0.93,10,Objects
Needs,evening,3,0.12,6,Needs
Feelings,afternoon,5,0.83,5,Places
People,morning,10,0.49,6,People
Objects,morning,9,0.34,4,Needs
Objects,afternoon,3,0.63,3,Places
Places,night,4,0.4,3,Needs
Needs,evening,9,0.54,3,People
Places,night,6,0.72,9,Objects
Actions,afternoon,9,0.92,8,Objects
Actions,afternoon,5,0.62,1,Places
Places,night,9,0.38,10,Objects
Actions,afternoon,1,0.77,4,Places
Actions,morning,4,0.92,8,Objects
People,afternoon,2,0.25,10,Objects
Places,morning,2,0.66,2,Needs
Objects,afternoon,6,0.94,2,Actions
People,morning,3,0.39,7,People
Places,afternoon,12,0.46,5,Places
People,night,9,0.2,1,Feelings
Needs,evening,1,0.83,8,Objects
Objects,morning,6,0.5,6,Needs
Objects,evening,8,0.18,7,Needs
Needs,evening,4,0.13,10,Objects
Needs,evening,10,0.25,4,People
Objects,night,2,0.87,4,Needs
Places,evening,11,0.67,8,Objects
Needs,morning,10,0.49,3,Actions
People,evening,8,0.34,8,Objects
Places,morning,11,0.83,4,Needs
People,afternoon,3,0.17,3,Needs
Actions,afternoon,12,0.23,6,Places
Actions,evening,2,0.3,4,People
People,evening,3,0.56,5,People
Needs,afternoon,12,0.68,7,Places
People,night,3,0.34,8,Objects
Needs,afternoon,3,0.26,4,Places
People,morning,10,0.96,4,People
Actions,evening,11,0.9,8,Objects
Actions,morning,6,0.9,9,Objects
Places,night,11,0.48,3,Feelings
Needs,morning,9,0.51,5,Actions
Feelings,night,1,0.3,8,Objects
Objects,morning,9,0.15,2,Needs
Needs,evening,3,1,2,Actions
People,night,2,0.25,7,People
Places,afternoon,1,0.53,8,Objects
Objects,morning,10,0.46,2,Needs
Feelings,afternoon,2,0.79,5,Places
Places,morning,9,0.63,4,Needs
People,morning,6,0.46,8,Objects
Feelings,evening,2,0.22,2,People
Feelings,night,4,0.59,2,Needs
Places,evening,7,0.78,4,People
Objects,evening,8,0.68,4,People
Actions,morning,1,0.94,2,Actions
Feelings,night,5,0.11,3,Needs
People,night,12,0.65,7,Feelings
Needs,evening,10,0.14,5,Needs
Feelings,evening,8,0.31,1,People
Actions,afternoon,5,0.39,9,Objects
Actions,afternoon,8,0.31,4,Places
Needs,morning,2,0.23,5,Actions
Objects,afternoon,11,0.65,2,Places
Feelings,night,12,0.03,1,Needs
People,morning,9,0.64,6,People
Feelings,evening,11,0.63,3,People
Feelings,evening,11,0.8,6,People
Actions,morning,11,0.82,5,Actions
People,morning,7,0.69,9,Objects
Actions,morning,11,0.68,9,Objects
Actions,night,4,0.09,10,Objects
Places,evening,11,0.07,1,Needs
Feelings,night,1,0.52,10,Objects
Places,morning,7,0.36,6,Needs
Places,morning,12,0.91,2,Actions
Feelings,night,6,0.67,7,Needs
Feelings,afternoon,3,0.18,9,Objects
Objects,morning,3,0.87,2,Actions
Needs,afternoon,4,0.44,6,Places
Feelings,morning,7,0.39,9,Objects
Feelings,morning,9,0.88,3,Actions
Actions,morning,6,0.14,3,Needs
People,afternoon,10,0.48,3,People
Places,evening,8,0.41,5,People
Needs,morning,4,0.23,2,Actions
Feelings,night,1,0.72,2,Needs
Feelings,afternoon,12,0.6,9,Objects
Actions,afternoon,7,0.71,4,Places
Feelings,evening,1,0.31,3,People
Objects,night,10,0.56,2,Feelings
Objects,morning,9,0.26,8,Objects
Objects,night,11,0.36,8,Objects
Feelings,evening,10,0.53,2,People
Actions,morning,1,0.46,3,Actions
Needs,morning,2,0.43,3,Actions
Needs,evening,3,0.96,3,Actions
People,night,2,0.4,4,People
Actions,afternoon,3,0.57,10,Objects
Places,evening,11,0.3,6,People
People,afternoon,10,0.27,6,People
Objects,afternoon,12,0.02,9,Objects
Feelings,afternoon,1,0.65,7,Places
Feelings,morning,10,0.25,10,Objects
Actions,afternoon,9,0.38,4,Places
Places,night,2,0.47,1,Needs
People,night,10,0.33,10,Objects
Places,night,9,0.65,7,Feelings
Objects,night,10,0.72,10,Objects
Needs,evening,6,0.45,7,People
Needs,morning,2,0.39,6,Actions
Feelings,afternoon,8,0.64,8,Objects
Objects,morning,3,0.08,6,Needs
Places,night,7,0.58,8,Objects
Feelings,night,5,0.6,5,Needs
Places,morning,3,0.45,5,Needs
Places,afternoon,8,0.77,3,Actions
People,evening,5,0.92,5,People
Objects,night,11,0.3,3,Feelings
Objects,evening,6,0.72,5,People
Objects,morning,10,0.06,7,Needs
Places,morning,12,0.55,6,Needs
Places,afternoon,7,0.39,2,Places
People,night,1,0.09,2,Needs
Needs,evening,8,0.31,2,People
Places,morning,10,0.85,2,Actions
Feelings,afternoon,4,0.25,1,Places
Feelings,night,2,0.66,10,Objects
Actions,morning,9,0.2,5,Actions
Places,morning,4,0.77,8,Objects
Places,night,12,0.35,3,Feelings
Needs,evening,7,0.69,3,People
Actions,evening,9,0.83,1,Actions
Feelings,night,10,0.45,8,Objects
Feelings,evening,3,0,6,Needs
Actions,evening,8,0.64,2,People
Actions,morning,12,0.85,8,Objects
Places,morning,4,0.7,3,Needs
Feelings,night,10,0.08,7,Needs
Objects,morning,3,0.19,10,Objects
Objects,afternoon,3,0.67,3,Places
Feelings,evening,5,0.96,4,People
Objects,night,10,0.83,7,Feelings
People,night,5,0.99,7,People
Places,afternoon,4,0.43,1,Places
Feelings,afternoon,5,0.94,7,Places
Needs,night,10,0.33,4,Feelings
Feelings,evening,10,0.46,2,People
Needs,afternoon,3,0.89,8,Objects
Places,evening,6,0.52,2,People
Places,morning,4,0.76,6,Needs
Places,evening,12,0.47,8,Objects
Actions,morning,3,0.92,1,Actions
Feelings,night,1,0.4,6,Needs
Actions,morning,10,0.41,6,Actions
Actions,morning,1,0.74,4,Actions
Needs,afternoon,3,0.07,4,Needs
Objects,morning,6,0.44,6,Needs
Actions,evening,1,0.79,9,Objects
Actions,night,12,0.47,1,Feelings
Actions,morning,1,0.84,6,Actions
People,morning,4,0.53,10,Objects
Places,morning,3,0.5,9,Objects
People,night,7,0.06,1,Needs
Needs,morning,10,0.46,8,Objects
Actions,evening,9,0.16,8,Objects
Places,night,1,0.63,2,Needs
People,afternoon,5,0.44,9,Objects
Feelings,morning,12,0.77,9,Objects
Objects,night,8,0.85,2,Feelings
Needs,night,3,0.97,7,Actions
Actions,morning,7,0.87,2,Actions
Objects,night,3,0.31,1,Needs
People,morning,2,0.99,6,People
Objects,night,5,0.68,5,Needs
Objects,evening,12,0.99,10,Objects
Actions,morning,4,0.45,10,Objects
Actions,evening,4,0.35,9,Objects
Actions,evening,1,0.13,2,Needs
Needs,morning,3,0.98,9,Objects
Objects,morning,3,0.2,5,Needs
Actions,afternoon,4,0.84,4,Places
Feelings,afternoon,5,0.88,10,Objects
Needs,morning,12,0.54,9,Objects
Places,morning,5,0.89,7,Needs
Actions,night,7,0.14,3,Needs
Actions,morning,2,0.04,1,Needs
Feelings,morning,11,0.23,3,Needs
People,afternoon,11,0.26,5,People
Actions,afternoon,11,0.53,2,Places
Actions,evening,10,0.07,7,Needs
Places,night,12,0.06,9,Objects
Actions,afternoon,1,0.05,5,Needs
Places,night,9,0.32,5,Feelings
People,afternoon,7,0.82,7,People
Places,night,10,0.23,6,Feelings
Actions,night,6,0.74,7,Actions
Needs,morning,5,0.7,8,Objects
People,evening,6,0.18,4,Needs
Objects,night,11,0.57,7,Feelings
Places,night,8,0.68,5,Feelings
Feelings,night,7,0.23,4,Needs
Objects,evening,1,0.46,10,Objects
Actions,evening,12,0.13,5,Needs
Feelings,night,3,0.49,7,Needs
Objects,night,9,0.5,5,Feelings
Objects,afternoon,5,0.09,8,Objects
Actions,night,6,0.15,6,Needs
Needs,night,11,0.09,9,Objects
Objects,night,4,0.82,1,Actions
Feelings,night,12,0.07,1,Needs
Objects,evening,10,0.13,8,Objects
Feelings,morning,1,0.19,5,Needs
Feelings,night,9,0.96,7,Feelings
Places,night,11,0.1,3,Needs
Places,afternoon,3,0.88,9,Objects
People,night,8,0.59,1,Feelings
Needs,afternoon,5,0.69,7,Places
Needs,afternoon,4,0.84,10,Objects
People,morning,2,0.05,5,Needs
Needs,morning,4,0.34,10,Objects
Feelings,night,12,0.99,5,Feelings
Needs,morning,3,0.26,1,Actions
People,morning,12,0.07,10,Objects
Places,afternoon,11,0.53,1,Places
Actions,night,5,0,2,Needs
Objects,evening,12,0.97,1,Actions
People,afternoon,4,0.97,9,Objects
Feelings,night,5,0.64,2,Needs
Needs,afternoon,12,0.2,10,Objects
Feelings,morning,5,0.97,6,Needs
Places,afternoon,1,0.86,2,Actions
Needs,morning,8,0.22,6,Actions
Objects,night,12,0.01,4,Needs
Needs,afternoon,3,0.25,5,Places
People,afternoon,8,0.3,1,People
Needs,night,3,0.68,5,Actions
Places,night,10,0.92,2,Feelings
Feelings,afternoon,12,0.72,4,Places
Places,afternoon,9,0.09,6,Needs
Actions,afternoon,1,0.54,7,Places
Needs,evening,3,0.21,10,Objects
Needs,afternoon,11,0.77,5,Places
Feelings,evening,12,0.15,5,Needs
Feelings,night,7,0.3,9,Objects
Objects,morning,10,0.71,5,Needs
Objects,afternoon,3,0.51,4,Places
People,afternoon,12,0.22,2,People
Places,morning,11,0.02,6,Needs
Objects,morning,11,0.21,7,Needs
Places,night,1,0.99,7,Needs
Places,morning,2,0.62,2,Needs
Needs,evening,5,0.95,9,Objects
People,evening,10,0.14,6,Needs
Actions,morning,6,0.3,9,Objects
Feelings,afternoon,11,0.17,1,Needs
People,evening,2,0.12,2,Needs
Feelings,afternoon,1,0.07,2,Needs
Needs,afternoon,1,0.13,7,Needs
Places,afternoon,2,0.89,9,Objects
Feelings,afternoon,12,0.19,7,Needs
Places,night,9,0.72,6,Feelings
People,evening,4,0.11,3,Needs
Objects,afternoon,8,0.21,6,Places
Places,afternoon,3,0.98,5,Places
People,afternoon,4,1,10,Objects
Needs,afternoon,2,0.47,5,Places
Places,evening,9,0.44,2,People
Feelings,afternoon,2,0.1,8,Objects
Needs,evening,2,0.38,5,People
People,night,4,0.1,2,Needs
Places,evening,7,0.93,3,Actions
Objects,afternoon,5,0.15,1,Needs
People,evening,9,0.16,1,Needs
Feelings,morning,2,0.22,2,Needs
Objects,morning,5,0.9,3,Actions
Objects,evening,2,0.24,10,Objects
Feelings,evening,4,0.47,3,People
Objects,afternoon,9,0.2,6,Places
Objects,afternoon,2,0.35,10,Objects
Actions,morning,8,0.15,7,Needs
Objects,evening,9,0.58,8,Objects
Places,morning,12,0.42,8,Objects
People,night,4,0.79,10,Objects
Objects,night,1,0.91,5,Needs
Needs,afternoon,12,0.72,5,Places
Needs,afternoon,6,0.37,4,Places
Actions,morning,4,0.31,7,Actions
Actions,evening,6,0.82,3,Actions
Objects,night,2,0.59,4,Needs
Objects,night,9,0.16,4,Needs
Feelings,night,7,0.5,9,Objects
Feelings,evening,1,0.34,8,Objects
Actions,evening,12,0.59,8,Objects
Actions,night,4,0.6,6,Actions
Needs,morning,8,0.2,7,Actions
People,night,4,0.06,3,Needs
Places,afternoon,8,0.76,2,Actions
People,night,4,0.35,7,People
Needs,morning,4,0.28,3,Actions
Needs,morning,8,0.96,4,Actions
Actions,afternoon,4,0.55,3,Places
Feelings,evening,8,0.35,5,People
People,afternoon,3,0.22,8,Objects
People,morning,11,0.61,6,People
People,night,1,0.16,3,Needs
Actions,afternoon,5,0.54,5,Places
Actions,night,12,0.08,3,Needs
Objects,night,5,0.78,10,Objects
Needs,evening,6,0.41,8,Objects
Actions,evening,7,0.98,3,Actions
Needs,afternoon,1,0.25,2,Places
Objects,evening,5,0.31,6,People
Objects,evening,7,0.7,10,Objects
Objects,night,9,0.62,4,Feelings
People,afternoon,7,0.73,3,People
Feelings,night,7,0.45,6,Needs
Needs,evening,11,0.45,7,People
Objects,evening,11,0.58,5,People
Feelings,morning,6,0.14,10,Objects
People,evening,3,0.66,1,People
Places,evening,8,0.97,7,People
Actions,evening,2,0.86,6,People
Feelings,night,4,0.96,5,Needs
People,evening,1,0.13,1,Needs
Feelings,afternoon,12,0.75,2,Places
Needs,afternoon,2,0.22,3,Places
Places,night,4,0.36,4,Needs
People,evening,11,0.43,8,Objects
Actions,evening,3,0.99,4,People
Needs,night,9,0.98,3,Feelings
People,afternoon,3,0.19,6,Needs
Objects,evening,8,0.88,6,People
Feelings,evening,11,0.54,1,People
Places,afternoon,6,0.86,5,Places
Needs,night,7,0.65,2,Actions
Needs,evening,6,0.15,7,Needs
Actions,night,5,0.21,7,Actions
Actions,afternoon,7,0.24,4,Places
Places,afternoon,1,0.08,8,Objects
People,evening,12,0.61,9,Objects
Actions,evening,5,0.68,5,People
Objects,night,9,0.77,3,Feelings
Places,evening,3,0.35,2,People
Objects,evening,11,0.4,2,People
Feelings,morning,9,0.34,1,Needs
Objects,evening,5,0.21,7,People
Places,morning,11,0.37,9,Objects
Places,afternoon,11,0.46,9,Objects
Actions,night,7,0.21,5,Actions
People,night,4,0.4,2,People
Needs,evening,2,0.49,1,People
People,night,1,0.31,4,People
Objects,night,4,0.62,6,Needs
Objects,afternoon,7,0.15,1,Needs
Feelings,night,11,0.11,9,Objects
Needs,morning,11,0.41,8,Objects
Needs,morning,5,0.5,3,Actions
Places,evening,2,0.42,6,People
Feelings,evening,11,0.11,5,Needs
Places,night,6,0.95,7,Needs
Needs,afternoon,5,0.88,6,Places
Needs,evening,11,0.34,8,Objects
Feelings,afternoon,1,0.6,9,Objects
Actions,night,5,0.46,7,Actions
Objects,evening,8,0.51,6,People
Feelings,afternoon,11,0.93,3,Actions
Needs,morning,3,0.75,8,Objects
Needs,night,12,0.72,5,Feelings
People,night,11,0.95,7,Feelings
People,night,2,0.17,4,Needs
People,morning,4,0.85,4,People
Feelings,night,11,0.12,6,Needs
Actions,evening,8,0.64,1,People
Needs,afternoon,8,0.32,2,Places
Needs,night,4,0.63,9,Objects
Places,night,5,0.26,4,Needs
Feelings,night,6,0.49,3,Needs
Objects,morning,5,0.66,7,Needs
Places,afternoon,3,0.43,8,Objects
Needs,afternoon,1,0.25,7,Places
Places,evening,9,0.28,9,Objects
People,morning,5,0.82,5,People
Needs,evening,8,0.05,6,Needs
Feelings,morning,8,0.24,6,Needs
Actions,night,6,0.03,2,Needs
Objects,evening,7,0.34,1,People
Places,night,11,0.83,5,Feelings
People,morning,11,0.55,4,People
Actions,evening,10,0.71,8,Objects
Objects,night,1,0.2,2,Needs
Needs,evening,2,0.54,1,People
Actions,afternoon,10,0.89,3,Actions
Needs,morning,6,0.6,7,Actions
Objects,evening,11,0.26,5,People
People,night,3,0.67,9,Objects
Actions,evening,3,0.3,7,People
Feelings,night,1,0.42,6,Needs
Feelings,afternoon,3,0.3,7,Places
Needs,morning,11,0.81,2,Actions
Objects,morning,10,0.02,4,Needs
Feelings,morning,2,0.78,8,Objects
Actions,night,10,0.58,2,Feelings
Needs,morning,1,0.3,3,Actions
People,morning,4,0.53,6,People
Feelings,night,1,0.14,3,Needs
Needs,evening,8,0.92,8,Objects
People,afternoon,5,0.79,6,People
Actions,afternoon,10,0.87,3,Actions
People,afternoon,1,0.48,8,Objects
Places,afternoon,2,0.63,9,Objects
Feelings,night,7,0.22,5,Needs
Needs,afternoon,2,0.5,6,Places
Feelings,morning,3,0.28,9,Objects
Needs,morning,12,0.93,8,Objects
Places,morning,12,0.59,9,Objects
Places,morning,8,0.4,9,Objects
Objects,afternoon,2,0.52,8,Objects
Places,morning,6,0.23,8,Objects
Needs,evening,2,0.07,9,Objects
People,afternoon,4,0.36,7,People
Needs,night,12,0.94,1,Feelings
Places,evening,6,0.36,9,Objects
Needs,night,12,0.8,6,Feelings
Places,evening,8,0.94,4,People
Actions,afternoon,11,0.93,4,Places
Needs,night,6,0.11,10,Objects
Actions,evening,2,0.45,6,People
Actions,evening,3,0.51,9,Objects
Actions,evening,10,0.67,6,People
People,afternoon,5,0.24,3,People
Places,afternoon,12,0.85,4,Places
Actions,evening,10,0.02,10,Objects
Objects,evening,9,0.84,3,Actions
Objects,night,3,0.79,5,Needs
Needs,morning,10,0.12,6,Needs
Actions,afternoon,7,0.88,1,Actions
Actions,night,11,0.74,10,Objects
People,night,11,0.79,10,Objects
Actions,evening,3,0.41,6,People
Feelings,evening,7,0.41,10,Objects
Feelings,afternoon,5,0.32,7,Places
Places,afternoon,1,0.79,1,Actions
Actions,afternoon,7,0.49,9,Objects
Feelings,afternoon,4,0.28,2,Places
Objects,afternoon,7,0.58,2,Places
Places,night,10,0.47,8,Objects
Places,evening,2,0.42,7,People
Feelings,morning,12,0.16,2,Needs
Objects,evening,6,0.08,9,Objects
People,morning,4,0.01,8,Objects
Feelings,morning,10,0.72,4,Needs
Feelings,morning,11,0.93,4,Needs
Places,morning,2,0.24,7,Needs
Feelings,morning,8,0.5,10,Objects
Objects,evening,11,0.89,1,Actions
Actions,morning,6,0.6,8,Objects
Objects,morning,5,0.4,6,Needs
Places,morning,4,0.34,1,Needs
Actions,evening,9,0.75,5,People
Actions,afternoon,7,0.89,6,Places
Places,evening,11,0.73,10,Objects
Objects,evening,12,0.57,8,Objects
Actions,afternoon,3,0.47,9,Objects
Needs,morning,8,0.99,9,Objects
People,evening,10,0.79,8,Objects
Needs,evening,6,0.72,1,People
Actions,night,6,0.02,6,Needs
Needs,morning,6,0.75,10,Objects
Feelings,evening,4,0.47,9,Objects
Objects,afternoon,12,0.07,2,Needs
Feelings,afternoon,6,0.82,3,Actions
Actions,night,9,0.48,10,Objects
Feelings,morning,4,0.84,8,Objects
Feelings,night,9,0.37,3,Feelings
Needs,morning,8,0.2,7,Actions
Needs,night,8,0.55,2,Feelings
Places,night,2,0.07,7,Needs
Places,morning,11,0.63,5,Needs
Places,night,9,0.52,4,Feelings
People,night,9,0.88,10,Objects
Objects,night,3,0.18,2,Needs
Feelings,morning,8,0.61,7,Needs
Places,morning,4,0.01,1,Needs
Actions,night,3,0.78,10,Objects
Feelings,night,8,0.77,5,Feelings
Actions,morning,10,0.12,10,Objects
Feelings,morning,5,0.88,6,Needs
Feelings,afternoon,2,0.68,4,Places
Feelings,morning,7,0.44,10,Objects
Objects,afternoon,5,0.59,9,Objects
Objects,evening,4,0.04,8,Objects
People,night,8,0.33,6,Feelings
Objects,morning,1,0.61,3,Needs
People,afternoon,12,0.91,5,People
People,evening,4,0.89,1,Actions
Places,night,8,0.84,6,Feelings
Actions,night,5,0.75,5,Actions
Places,night,4,0.98,6,Needs
People,morning,5,0.79,9,Objects
Feelings,evening,4,0.59,7,People
Actions,afternoon,2,0.87,4,Places
Feelings,evening,4,0.82,2,Actions
Needs,night,7,0.6,4,Actions
Objects,afternoon,4,0.97,8,Objects
People,night,8,0.78,5,Feelings
People,evening,11,0.26,1,People
Feelings,morning,9,0.11,10,Objects
Actions,morning,8,0.17,8,Objects
Objects,morning,3,0.78,2,Actions
Places,afternoon,12,0.87,2,Actions
Places,afternoon,7,0.32,10,Objects
Feelings,afternoon,2,0.77,10,Objects
Actions,afternoon,5,0.59,10,Objects
Actions,afternoon,9,0.93,5,Places
People,morning,10,0.78,7,People
Actions,evening,12,0.82,5,People
Objects,evening,8,0.89,3,Actions
Objects,night,3,0.74,5,Needs
Feelings,night,3,0.66,4,Needs
Objects,morning,3,0.22,9,Objects
Actions,afternoon,5,0.42,4,Places
Feelings,evening,12,0.66,2,People
Needs,afternoon,2,0.17,3,Needs
Needs,evening,2,0.76,6,People
Feelings,morning,6,0.93,5,Needs
Places,morning,1,0.83,7,Needs
Actions,afternoon,7,0.87,9,Objects
Actions,night,3,0.51,2,Actions
Objects,evening,6,0.41,10,Objects
Actions,afternoon,3,0.7,2,Places
Feelings,night,5,0.83,10,Objects
Objects,evening,7,0.46,10,Objects
Actions,morning,10,0.57,2,Actions
Needs,night,5,0.15,4,Needs
Actions,morning,6,0.24,9,Objects
Objects,morning,1,0.14,10,Objects
Feelings,afternoon,9,0.35,1,Places
Needs,morning,2,0.53,9,Objects
Actions,afternoon,10,0.85,3,Actions
People,afternoon,9,0.45,6,People
Feelings,afternoon,6,0.73,10,Objects
People,night,6,0.76,4,People
People,morning,11,0.73,10,Objects
Objects,night,1,0.92,5,Needs
Feelings,evening,3,0.07,1,Needs
Objects,night,12,0.84,9,Objects
Places,afternoon,11,0.99,9,Objects
Feelings,night,4,0.26,6,Needs
Feelings,afternoon,3,0.58,6,Places
People,night,5,0.29,9,Objects
Feelings,afternoon,1,0.94,6,Places
Actions,afternoon,8,0.84,5,Places
Objects,night,5,0.32,4,Needs
Objects,morning,12,0.6,6,Needs
Feelings,night,11,0.64,3,Feelings
Objects,night,5,0.76,1,Actions
Objects,morning,10,0.1,8,Objects
Feelings,night,12,0.22,3,Feelings
Places,evening,2,0.82,7,People
Feelings,evening,12,0.1,5,Needs
Actions,morning,3,0.35,9,Objects
Places,night,10,0.76,7,Feelings
Feelings,morning,3,0.71,9,Objects
Feelings,afternoon,12,0.58,9,Objects
Needs,night,7,0.08,3,Needs
Needs,afternoon,12,0.22,8,Objects
Feelings,night,1,0.96,10,Objects
Feelings,night,3,0.58,7,Needs
Objects,night,2,0.18,1,Needs
Feelings,afternoon,3,0.2,3,Places
Actions,morning,12,0.42,7,Actions
Objects,night,7,0.49,9,Objects
Needs,evening,12,0.05,4,Needs
Needs,morning,1,0.12,6,Needs
Feelings,evening,11,0.05,9,Objects
Feelings,afternoon,6,0.98,7,Places
Needs,night,5,0.32,1,Actions
Needs,night,7,0.49,3,Actions
People,night,9,0.53,3,Feelings
Objects,afternoon,9,0.02,3,Needs
Places,night,10,0.5,1,Feelings
Places,evening,1,0.16,2,Needs
Places,afternoon,9,0.73,5,Places
Feelings,evening,11,0.12,5,Needs
Places,evening,1,0.64,4,People
Feelings,morning,7,0.71,7,Needs
Actions,night,9,0.81,7,Feelings
People,morning,8,0.76,7,People
Places,evening,12,0.48,1,People
Objects,morning,1,0.51,7,Needs
Needs,afternoon,4,0.22,4,Places
Actions,morning,4,0.28,3,Actions
Objects,afternoon,10,0.02,8,Objects
People,evening,2,0.75,10,Objects
People,morning,9,0.98,10,Objects
People,morning,1,0.59,9,Objects
Feelings,afternoon,3,0.62,5,Places
Feelings,afternoon,12,0.81,8,Objects
Feelings,morning,10,0.23,9,Objects
Feelings,morning,7,0.1,6,Needs
People,night,11,0.06,8,Objects
Places,morning,8,0.83,5,Needs
Needs,evening,5,0.23,8,Objects
Feelings,evening,5,0.99,3,Actions
Actions,afternoon,7,0.32,7,Places
Feelings,evening,8,0.55,10,Objects
Actions,night,6,0.47,6,Actions
Feelings,morning,7,0.51,2,Needs
Needs,evening,5,0.75,8,Objects
Objects,afternoon,3,0.89,1,Actions
People,afternoon,5,0.27,5,People
People,afternoon,3,0.82,5,People
Actions,afternoon,3,0.5,1,Places
People,night,2,0.98,7,People
Places,afternoon,4,0.23,3,Places
Feelings,morning,8,0.37,3,Needs
Actions,afternoon,6,0.5,8,Objects
Places,evening,10,0.06,7,Needs
Places,evening,11,0.06,1,Needs
People,evening,7,0.89,6,People
Feelings,night,7,0.3,8,Objects
Places,evening,6,0.78,4,People
Feelings,morning,12,0.96,9,Objects
Actions,night,1,0.95,2,Actions
Objects,morning,3,0.82,6,Needs
Places,night,5,0.62,4,Needs
Actions,afternoon,8,0.39,4,Places
Needs,afternoon,11,1,2,Actions
Places,night,12,0.32,6,Feelings
Objects,afternoon,1,0.92,7,Places
Places,night,3,0.64,8,Objects
People,evening,9,0.28,7,People
Places,afternoon,12,0.5,7,Places
Actions,evening,7,0.15,7,Needs
Places,morning,3,0.39,1,Needs
Objects,afternoon,9,0.24,9,Objects
Places,afternoon,8,0.75,9,Objects
Places,evening,10,0.12,7,Needs
Feelings,night,5,0.75,8,Objects
People,afternoon,9,0.42,4,People
Needs,afternoon,6,0.07,1,Needs
Actions,morning,7,0.84,6,Actions
People,night,12,0.21,7,Feelings
Feelings,night,1,0.18,3,Needs
Actions,morning,7,0.49,8,Objects
Feelings,evening,6,0.94,3,Actions
Actions,evening,1,0.61,7,People
Feelings,night,10,0.29,10,Objects
People,afternoon,7,0.06,6,Needs
Places,evening,2,0.63,4,People
People,morning,1,1,4,People
Places,night,7,0.94,2,Actions
People,evening,6,0.01,7,Needs
Actions,morning,11,0.89,3,Actions
Objects,morning,4,0.72,8,Objects
People,morning,12,0.89,7,People
Objects,evening,9,0.02,9,Objects
Actions,afternoon,5,0.24,5,Places
People,night,2,0.2,8,Objects
Actions,morning,4,0.23,9,Objects
Objects,morning,6,0.87,3,Actions
Needs,night,8,0.39,7,Feelings
Feelings,evening,2,0.3,10,Objects
Actions,evening,5,0.06,8,Objects
Needs,evening,3,0.8,5,People
Feelings,evening,12,0.38,1,People
Places,evening,3,0.63,9,Objects
People,afternoon,3,0.05,5,Needs
Feelings,night,10,0.46,2,Feelings
Actions,morning,11,0.55,1,Actions
Places,night,11,0.14,1,Needs
Places,night,7,0.36,3,Needs
Actions,evening,3,0.94,2,Actions
Places,morning,3,0.37,7,Needs
Actions,night,4,0.99,2,Actions
Needs,afternoon,1,0.53,10,Objects
People,morning,3,0.75,10,Objects
People,evening,8,0.08,4,Needs
Objects,morning,9,0.24,4,Needs
Objects,evening,11,0.91,5,People
Objects,evening,12,0.25,8,Objects
People,evening,3,0.04,10,Objects
Needs,evening,2,0.09,2,Needs
Feelings,afternoon,11,0.6,3,Places
Needs,night,8,0.02,7,Needs
Needs,evening,10,0.24,5,People
Places,morning,1,0.2,5,Needs
Objects,night,11,0.1,2,Needs
Places,afternoon,2,0.95,2,Actions
Needs,morning,4,0.55,1,Actions
Places,night,6,0.23,10,Objects
Places,afternoon,4,0.69,5,Places
Feelings,evening,8,0.1,10,Objects
Actions,afternoon,10,0.73,4,Places
Objects,afternoon,1,0.43,2,Places
Actions,afternoon,7,0.95,6,Places
Feelings,evening,3,0.47,6,People
Feelings,afternoon,6,0.02,9,Objects
People,evening,3,0.07,8,Objects
Needs,evening,3,0.37,7,People
Feelings,afternoon,6,0.03,1,Needs
Objects,morning,7,0.54,5,Needs
Actions,night,11,0.26,7,Feelings
Needs,night,8,0.02,7,Needs
Needs,afternoon,2,0.22,10,Objects
People,afternoon,9,0.34,3,People
People,morning,7,0.87,4,People
Feelings,morning,10,0.3,9,Objects
People,afternoon,1,0.5,1,People
Places,evening,9,0.28,10,Objects
Feelings,morning,10,0.53,4,Needs
Needs,morning,7,0.96,7,Actions
Feelings,morning,7,0.13,6,Needs
Objects,morning,10,0.07,7,Needs
Needs,night,3,0.71,7,Actions
Feelings,evening,10,0.75,10,Objects
People,afternoon,5,0.67,7,People
Places,night,12,0.04,7,Needs
Actions,afternoon,8,0.31,9,Objects
Objects,morning,6,0.92,9,Objects
Needs,night,9,0.77,5,Feelings
Actions,afternoon,11,0.81,7,Places
Places,afternoon,10,0.8,4,Places
People,evening,4,0.08,4,Needs
Actions,afternoon,11,0.03,5,Needs
Feelings,evening,6,1,1,Actions
Needs,afternoon,12,0.64,9,Objects
People,afternoon,11,0.31,4,People
Needs,evening,11,0.48,7,People
Places,afternoon,5,0.46,6,Places
People,evening,11,0.19,2,Needs
Needs,evening,1,0.47,3,People
People,evening,10,0.35,10,Objects
Feelings,night,5,0.21,2,Needs
Objects,night,11,0.44,7,Feelings
People,night,7,0.84,1,Actions
Actions,evening,4,0.23,3,People
Needs,afternoon,5,0.05,5,Needs
People,afternoon,1,1,3,Actions
Objects,morning,2,0.98,7,Needs
Needs,evening,2,0.21,3,People
Places,afternoon,10,0.39,7,Places
Places,evening,3,0.55,4,People
People,night,12,0.94,3,Feelings
Places,evening,4,0.67,2,People
People,afternoon,2,0.84,3,Actions
Places,morning,2,0.93,8,Objects
Actions,morning,2,0.93,4,Actions
Objects,morning,11,0.2,6,Needs
Objects,morning,1,0.38,1,Needs
Actions,evening,4,0.76,8,Objects
Feelings,night,2,0.61,5,Needs
Objects,night,9,0.52,7,Feelings
Objects,evening,5,0.08,5,Needs
Needs,evening,1,0.63,6,People
People,afternoon,4,0.31,2,People
Feelings,evening,8,0.27,10,Objects
Feelings,afternoon,11,0.92,2,Actions
Objects,afternoon,6,0.44,7,Places
Needs,morning,1,0.73,9,Objects
Needs,night,5,0.32,5,Actions
Places,night,5,0.52,2,Needs
Actions,night,12,0.77,10,Objects
Feelings,morning,2,0.06,1,Needs
Needs,evening,4,1,8,Objects
Objects,morning,12,0.61,3,Needs
People,morning,6,0.57,9,Objects
People,afternoon,12,0.4,4,People
Actions,morning,7,0.17,1,Needs
Feelings,night,3,0.97,2,Actions
Needs,evening,10,0.37,7,People
Needs,night,8,0.28,6,Feelings
Feelings,evening,12,0.88,4,People
People,afternoon,6,0.92,7,People
Actions,evening,4,0.93,4,People
People,afternoon,10,0.95,7,People
People,afternoon,9,0.16,2,Needs
People,morning,4,0.81,6,People
People,evening,12,0.8,3,Actions
Needs,morning,3,0.1,9,Objects
Actions,evening,10,0.75,8,Objects
Actions,evening,4,0.7,7,People
Feelings,morning,10,0.72,3,Needs
Actions,morning,9,0.87,6,Actions
Needs,morning,3,0.98,3,Actions
Needs,night,10,0.71,6,Feelings
Actions,evening,6,0.38,1,People
People,night,1,0.01,5,Needs
Feelings,evening,9,0.18,9,Objects
Actions,afternoon,11,0.15,5,Needs
Places,afternoon,10,0.74,3,Places
Places,morning,7,0.15,1,Needs
Needs,evening,8,0.32,5,People
Places,morning,8,0.93,4,Needs
Needs,afternoon,11,0.89,8,Objects
Actions,afternoon,4,0.1,3,Needs
Needs,night,10,0.62,4,Feelings
People,afternoon,9,0.17,9,Objects
Objects,afternoon,11,0.18,9,Objects
Needs,morning,1,0.27,1,Actions
Needs,afternoon,12,0.48,8,Objects
People,evening,2,0.31,6,People
Objects,night,7,0.11,9,Objects
Places,afternoon,11,0.12,5,Needs
Needs,morning,11,0.89,7,Actions
